<?xml version='1.0' encoding='utf-8' standalone='yes' ?>
<map>
    <string name="prev_event_name">number_verified</string>
    <long name="prev_event_timestamp" value="1758256639824" />
    <int name="appsFlyerInAppEventCount" value="3" />
    <string name="afUninstallToken">cOqtmHH9SOyKJV_-b_DG7o:APA91bHcLGtDjcxIYiJjoJS6zbwtZIORgjCDrlOep_i5d7K6rZ1_cc5GzbFe0LdHq2dyOt5b3hFZbxleCnm0Yd2W8rdb-56OEVvlXCI0sa_H9HZ96qoM_HY</string>
    <long name="prev_session_dur" value="3" />
    <boolean name="ddl_sent" value="true" />
    <long name="af_rc_max_age" value="86400" />
    <string name="sentSuccessfully">true</string>
    <int name="versionCode" value="202524001" />
    <string name="af_remote_config">eyJmZWF0dXJlcyI6e30sInZlciI6ImRlZmF1bHQudjEuMTYzNzE0OTUyOSJ9</string>
    <boolean name="sentRegisterRequestToAF" value="true" />
    <string name="savedProperties">{&quot;uid&quot;:&quot;1758256550922-820974198559244362&quot;,&quot;waitForCustomerId&quot;:&quot;false&quot;,&quot;logLevel&quot;:&quot;0&quot;,&quot;AppUserId&quot;:&quot;da58a6fc920035b8&quot;}</string>
    <string name="AF_INSTALLATION">1758256550922-820974198559244362</string>
    <boolean name="afUninstallToken_queued" value="false" />
    <int name="appsFlyerCount" value="8" />
    <long name="af_rc_timestamp" value="1765567622415" />
    <long name="AppsFlyerTimePassedSincePrevLaunch" value="1765567622601" />
    <boolean name="newGPReferrerSent" value="true" />
    <string name="first_launch">{&quot;net&quot;:1678,&quot;from_fg&quot;:711,&quot;start_with&quot;:&quot;application&quot;,&quot;init_to_fg&quot;:51}</string>
    <string name="appsFlyerFirstInstall">2025-09-19_100551+0530</string>
    <long name="afUninstallToken_received_time" value="1765567623852" />
    <string name="attributionId">{&quot;install_time&quot;:&quot;2025-09-19 04:35:53.566&quot;,&quot;af_message&quot;:&quot;organic install&quot;,&quot;af_status&quot;:&quot;Organic&quot;,&quot;is_first_launch&quot;:false}</string>
</map>
