<?xml version='1.0' encoding='utf-8' standalone='yes' ?>
<map>
    <string name="prev_event_name">number_verified</string>
    <long name="prev_event_timestamp" value="1756545635670" />
    <int name="appsFlyerInAppEventCount" value="2" />
    <long name="prev_session_dur" value="6" />
    <string name="afUninstallToken">eq8JF_YSR9-92cH-1lpXZN:APA91bG2kSJKV60JwM6thOETqApqbUARSZNECtVKXgSY4nQXcrbSFICy43tg1aHqpVoEJJ5HwU_Cj3cjGuEHGh47TeN-8D5IyTFuHAIAej1gITdid07Mj58</string>
    <long name="af_rc_max_age" value="86400" />
    <boolean name="ddl_sent" value="true" />
    <string name="sentSuccessfully">true</string>
    <string name="af_remote_config">eyJmZWF0dXJlcyI6e30sInZlciI6ImRlZmF1bHQudjEuMTYzNzE0OTUyOSJ9</string>
    <int name="versionCode" value="20252001" />
    <boolean name="sentRegisterRequestToAF" value="true" />
    <string name="savedProperties">{&quot;uid&quot;:&quot;1756545580864-6360488889874037266&quot;,&quot;waitForCustomerId&quot;:&quot;false&quot;,&quot;logLevel&quot;:&quot;0&quot;,&quot;AppUserId&quot;:&quot;a0c7c8d5f20e4325&quot;}</string>
    <string name="AF_INSTALLATION">1756545580864-6360488889874037266</string>
    <boolean name="afUninstallToken_queued" value="false" />
    <int name="appsFlyerCount" value="7" />
    <long name="af_rc_timestamp" value="1756545581008" />
    <long name="AppsFlyerTimePassedSincePrevLaunch" value="1756553668337" />
    <boolean name="newGPReferrerSent" value="true" />
    <string name="first_launch">{&quot;net&quot;:1129,&quot;from_fg&quot;:747,&quot;start_with&quot;:&quot;application&quot;,&quot;init_to_fg&quot;:29}</string>
    <string name="appsFlyerFirstInstall">2025-08-30_144941+0530</string>
    <long name="afUninstallToken_received_time" value="1756553670276" />
    <string name="attributionId">{&quot;install_time&quot;:&quot;2025-08-30 09:19:42.972&quot;,&quot;af_message&quot;:&quot;organic install&quot;,&quot;af_status&quot;:&quot;Organic&quot;,&quot;is_first_launch&quot;:false}</string>
</map>
