<?xml version='1.0' encoding='utf-8' standalone='yes' ?>
<map>
    <string name="prev_event_name">number_verified</string>
    <long name="prev_event_timestamp" value="1755884149533" />
    <int name="appsFlyerInAppEventCount" value="3" />
    <long name="prev_session_dur" value="2" />
    <string name="afUninstallToken">e4RNRUtJQPSbC8IflLH7Wv:APA91bHiwXlOueHknCEVnknfXVIRksq5cP0LBorlegKCCj-gqnenPU7eE5_ty_agZ9octPgfi7ZnZHbteJ0Lp5TU685CcJDFO4aLNJPVChSMSpF1KBnd1SI</string>
    <boolean name="ddl_sent" value="true" />
    <long name="af_rc_max_age" value="86400" />
    <string name="sentSuccessfully">true</string>
    <int name="versionCode" value="20251702" />
    <string name="af_remote_config">eyJmZWF0dXJlcyI6e30sInZlciI6ImRlZmF1bHQudjEuMTYzNzE0OTUyOSJ9</string>
    <boolean name="sentRegisterRequestToAF" value="true" />
    <string name="savedProperties">{&quot;uid&quot;:&quot;1755884038287-3677898746495966499&quot;,&quot;waitForCustomerId&quot;:&quot;false&quot;,&quot;logLevel&quot;:&quot;0&quot;,&quot;AppUserId&quot;:&quot;10d8598a92838a24&quot;}</string>
    <string name="AF_INSTALLATION">1755884038287-3677898746495966499</string>
    <boolean name="afUninstallToken_queued" value="false" />
    <int name="appsFlyerCount" value="9" />
    <long name="af_rc_timestamp" value="1755992870282" />
    <long name="AppsFlyerTimePassedSincePrevLaunch" value="1755992870285" />
    <boolean name="newGPReferrerSent" value="true" />
    <string name="appsFlyerFirstInstall">2025-08-22_230358+0530</string>
    <long name="afUninstallToken_received_time" value="1755884045592" />
    <string name="attributionId">{&quot;install_time&quot;:&quot;2025-08-22 17:34:06.723&quot;,&quot;af_message&quot;:&quot;organic install&quot;,&quot;af_status&quot;:&quot;Organic&quot;,&quot;is_first_launch&quot;:false}</string>
</map>
