<?xml version='1.0' encoding='utf-8' standalone='yes' ?>
<map>
    <string name="prev_event_name">number_verified</string>
    <long name="prev_event_timestamp" value="1766151990500" />
    <int name="appsFlyerInAppEventCount" value="2" />
    <long name="prev_session_dur" value="5" />
    <string name="afUninstallToken">fkQJrq0DRPy8E6G2PFuawV:APA91bHe7Q44HtPhdJzWQAxh73MA9cpAt6ADMrYzL7q3IBr8-71N_nZnDNMGmZacTiV3KImPq6T10V4kD89HO1HtTZ9k4L-4XYfTr8HBMr5vDNnfebtGhwY</string>
    <boolean name="ddl_sent" value="true" />
    <long name="af_rc_max_age" value="86400" />
    <string name="sentSuccessfully">true</string>
    <int name="versionCode" value="202529001" />
    <string name="af_remote_config">eyJmZWF0dXJlcyI6e30sInZlciI6ImRlZmF1bHQudjEuMTYzNzE0OTUyOSJ9</string>
    <boolean name="sentRegisterRequestToAF" value="true" />
    <string name="savedProperties">{&quot;uid&quot;:&quot;1766151954723-9213726834255059046&quot;,&quot;waitForCustomerId&quot;:&quot;false&quot;,&quot;logLevel&quot;:&quot;0&quot;,&quot;AppUserId&quot;:&quot;17f5fa8b728a43dc&quot;}</string>
    <string name="AF_INSTALLATION">1766151954723-9213726834255059046</string>
    <boolean name="afUninstallToken_queued" value="false" />
    <int name="appsFlyerCount" value="5" />
    <long name="AppsFlyerTimePassedSincePrevLaunch" value="1767767995143" />
    <boolean name="newGPReferrerSent" value="true" />
    <long name="af_rc_timestamp" value="1767767995140" />
    <string name="first_launch">{&quot;net&quot;:717,&quot;from_fg&quot;:698,&quot;start_with&quot;:&quot;application&quot;,&quot;init_to_fg&quot;:25}</string>
    <string name="appsFlyerFirstInstall">2025-12-19_191554+0530</string>
    <long name="afUninstallToken_received_time" value="1767767997540" />
    <string name="attributionId">{&quot;install_time&quot;:&quot;2025-12-19 13:45:56.853&quot;,&quot;af_message&quot;:&quot;organic install&quot;,&quot;af_status&quot;:&quot;Organic&quot;,&quot;is_first_launch&quot;:false}</string>
</map>
