<?xml version='1.0' encoding='utf-8' standalone='yes' ?>
<map>
    <string name="prev_event_name">number_verified</string>
    <long name="prev_event_timestamp" value="1756804526593" />
    <int name="appsFlyerInAppEventCount" value="2" />
    <long name="prev_session_dur" value="2" />
    <string name="afUninstallToken">fQCC6hJ2RHKNQVpMfutY84:APA91bFFznL0056at4iVbzocDrg3Ys7P6gesKbK0x50eLDdpIx5WtQKh4XCdANELeC7WFa3yrLhJhI9wzRaFm67HGf2NuuKjhWxQIUscrbJzv61vQkmgItI</string>
    <boolean name="ddl_sent" value="true" />
    <long name="af_rc_max_age" value="86400" />
    <string name="sentSuccessfully">true</string>
    <int name="versionCode" value="20252001" />
    <string name="af_remote_config">eyJmZWF0dXJlcyI6e30sInZlciI6ImRlZmF1bHQudjEuMTYzNzE0OTUyOSJ9</string>
    <boolean name="sentRegisterRequestToAF" value="true" />
    <string name="savedProperties">{&quot;uid&quot;:&quot;1756804500232-1358657963827519002&quot;,&quot;waitForCustomerId&quot;:&quot;false&quot;,&quot;logLevel&quot;:&quot;0&quot;,&quot;AppUserId&quot;:&quot;828adca2eab304d5&quot;}</string>
    <string name="AF_INSTALLATION">1756804500232-1358657963827519002</string>
    <boolean name="afUninstallToken_queued" value="false" />
    <int name="appsFlyerCount" value="6" />
    <long name="AppsFlyerTimePassedSincePrevLaunch" value="1757054833299" />
    <boolean name="newGPReferrerSent" value="true" />
    <long name="af_rc_timestamp" value="1757054824640" />
    <string name="first_launch">{&quot;net&quot;:856,&quot;from_fg&quot;:999,&quot;start_with&quot;:&quot;application&quot;,&quot;init_to_fg&quot;:84}</string>
    <string name="appsFlyerFirstInstall">2025-09-02_144500+0530</string>
    <long name="afUninstallToken_received_time" value="1757054825878" />
    <string name="attributionId">{&quot;install_time&quot;:&quot;2025-09-02 09:15:02.590&quot;,&quot;af_message&quot;:&quot;organic install&quot;,&quot;af_status&quot;:&quot;Organic&quot;,&quot;is_first_launch&quot;:false}</string>
</map>
