<?xml version='1.0' encoding='utf-8' standalone='yes' ?>
<map>
    <string name="prev_event_name">number_verified</string>
    <long name="prev_event_timestamp" value="1771135278489" />
    <int name="appsFlyerInAppEventCount" value="2" />
    <long name="prev_session_dur" value="8" />
    <string name="afUninstallToken">eN9HIOaaRemqLBceFfB3XQ:APA91bHCZg0T63plcV0IqUvqTLjxsDPFHHXwsgkkAug1KwI5v__eXiPFeW9ru0i_lTdh6NfF-wrEMU9t-eB3dlWAJznvHlVge-8fbDdiR9tO9-SawrLuV1w</string>
    <boolean name="ddl_sent" value="true" />
    <long name="af_rc_max_age" value="86400" />
    <string name="sentSuccessfully">true</string>
    <int name="versionCode" value="202531001" />
    <string name="af_remote_config">eyJmZWF0dXJlcyI6e30sInZlciI6ImRlZmF1bHQudjEuMTYzNzE0OTUyOSJ9</string>
    <boolean name="sentRegisterRequestToAF" value="true" />
    <string name="savedProperties">{&quot;uid&quot;:&quot;1771135212878-9101456182155836156&quot;,&quot;waitForCustomerId&quot;:&quot;false&quot;,&quot;logLevel&quot;:&quot;0&quot;,&quot;AppUserId&quot;:&quot;e5520b3753366cc8&quot;}</string>
    <string name="AF_INSTALLATION">1771135212878-9101456182155836156</string>
    <boolean name="afUninstallToken_queued" value="false" />
    <int name="appsFlyerCount" value="4" />
    <long name="AppsFlyerTimePassedSincePrevLaunch" value="1771708119691" />
    <boolean name="newGPReferrerSent" value="true" />
    <long name="af_rc_timestamp" value="1771708119355" />
    <string name="appsFlyerFirstInstall">2026-02-15_113012+0530</string>
    <long name="afUninstallToken_received_time" value="1771135215835" />
    <string name="attributionId">{&quot;redirect_response_data&quot;:null,&quot;adgroup_id&quot;:null,&quot;engmnt_source&quot;:null,&quot;af_adset_id&quot;:&quot;s86EXMJwt52936&quot;,&quot;is_incentivized&quot;:&quot;false&quot;,&quot;retargeting_conversion_type&quot;:&quot;none&quot;,&quot;af_ip&quot;:&quot;152.59.162.11&quot;,&quot;orig_cost&quot;:&quot;0.0&quot;,&quot;af_prt&quot;:&quot;appcenturyhk935&quot;,&quot;is_first_launch&quot;:false,&quot;af_click_lookback&quot;:&quot;7d&quot;,&quot;CB_preload_equal_priority_enabled&quot;:false,&quot;af_model&quot;:&quot;V2513&quot;,&quot;af_cpi&quot;:null,&quot;iscache&quot;:true,&quot;click_time&quot;:&quot;2026-02-14 18:12:16.979&quot;,&quot;is_branded_link&quot;:null,&quot;adset&quot;:null,&quot;match_type&quot;:&quot;id_matching&quot;,&quot;campaign_id&quot;:&quot;{payment_id}&quot;,&quot;af_pmod_lookback_window&quot;:&quot;15m&quot;,&quot;redirect&quot;:&quot;false&quot;,&quot;af_ua&quot;:&quot;Dalvik\/2.1.0 (Linux; U; Android 15; V2513 Build\/AP3A.240905.015.A2_V000L1)&quot;,&quot;install_time&quot;:&quot;2026-02-15 06:00:14.551&quot;,&quot;af_c_id&quot;:&quot;{payment_id}&quot;,&quot;agency&quot;:&quot;appcenturyhk935&quot;,&quot;media_source&quot;:&quot;nocasax12_int&quot;,&quot;advertising_id&quot;:&quot;b23188a2-001a-4eed-832a-c3e5f43e752e&quot;,&quot;clickid&quot;:&quot;55bbbb552-d590-3be9-3826d7ee042707b1a0af96291eaca44075c1ba5fc4f000e~33~KLUv_WBcAO0AALBudWxsLE1qa3pOZz09LG51bGxZV3hwAQCGoJYw&quot;,&quot;af_siteid&quot;:&quot;shwdsguqw075becc774ee&quot;,&quot;af_status&quot;:&quot;Non-organic&quot;,&quot;af_sub1&quot;:&quot;s86EXMJwt5&quot;,&quot;af_os_version&quot;:&quot;15.0&quot;,&quot;cost_cents_USD&quot;:&quot;0&quot;,&quot;af_sub5&quot;:null,&quot;af_sub_siteid&quot;:&quot;s86EXMJwt5&quot;,&quot;af_sub4&quot;:null,&quot;af_adset&quot;:&quot;QuickTV_XoomAds_Hindi_DJDJ81_Episodic_DoJismDoJaan_aJDDD79&quot;,&quot;af_sub3&quot;:null,&quot;af_sub2&quot;:null,&quot;adset_id&quot;:null,&quot;esp_name&quot;:null,&quot;http_referrer&quot;:null,&quot;campaign&quot;:&quot;QuickTV_XoomAds_Hindi_Episodic_DoJismDoJaan_aJDDD79&quot;,&quot;af_ad&quot;:&quot;25567506&quot;,&quot;is_universal_link&quot;:null,&quot;is_retargeting&quot;:&quot;false&quot;,&quot;adgroup&quot;:null}</string>
</map>
