<?xml version='1.0' encoding='utf-8' standalone='yes' ?>
<map>
    <string name="gcd">{&quot;net&quot;:4772,&quot;retries&quot;:0}</string>
    <long name="prev_session_dur" value="6" />
    <string name="afUninstallToken">dtIn_bCWSuKJkFYwilpJGu:APA91bHXaK8DtRY2pBvE3-6PgQBPRkAv41ASN9lcxXU6ZZ64kSlkjKRIdMyCUqkWaxTkJu8yyHIbkueuuVyTihF9u-wPevCUoKsRkyv_2aZ_I3BDyyRJHu8</string>
    <boolean name="ddl_sent" value="true" />
    <long name="af_rc_max_age" value="86400" />
    <string name="sentSuccessfully">true</string>
    <int name="versionCode" value="202603004" />
    <string name="af_remote_config">eyJmZWF0dXJlcyI6e30sInZlciI6ImRlZmF1bHQudjEuMTYzNzE0OTUyOSJ9</string>
    <boolean name="sentRegisterRequestToAF" value="true" />
    <string name="savedProperties">{&quot;uid&quot;:&quot;1769838832061-2409876290724103541&quot;,&quot;waitForCustomerId&quot;:&quot;false&quot;,&quot;logLevel&quot;:&quot;0&quot;,&quot;AppUserId&quot;:&quot;948c0b7420b889d3&quot;}</string>
    <string name="AF_INSTALLATION">1769838832061-2409876290724103541</string>
    <boolean name="afUninstallToken_queued" value="false" />
    <int name="appsFlyerCount" value="2" />
    <long name="AppsFlyerTimePassedSincePrevLaunch" value="1769838834619" />
    <long name="af_rc_timestamp" value="1769838833186" />
    <boolean name="newGPReferrerSent" value="true" />
    <string name="first_launch">{&quot;net&quot;:1185,&quot;from_fg&quot;:60,&quot;start_with&quot;:&quot;application&quot;,&quot;init_to_fg&quot;:60}</string>
    <string name="appsFlyerFirstInstall">2026-01-31_112352+0530</string>
    <long name="afUninstallToken_received_time" value="1769838837740" />
    <string name="attributionId">{&quot;install_time&quot;:&quot;2026-01-31 05:53:55.589&quot;,&quot;af_message&quot;:&quot;organic install&quot;,&quot;af_status&quot;:&quot;Organic&quot;,&quot;is_first_launch&quot;:false}</string>
</map>
