<?xml version='1.0' encoding='utf-8' standalone='yes' ?>
<map>
    <string name="prev_event_name">number_verified</string>
    <long name="prev_event_timestamp" value="1768568655972" />
    <int name="appsFlyerInAppEventCount" value="2" />
    <long name="prev_session_dur" value="7" />
    <string name="afUninstallToken">ekfvpvKKTKGaO4tdPRdb79:APA91bGv2mRQ_JUFddj5QUdqSQBb25eHzi8Zl41rUDnoaSJRR6SZywcjM86m9Pm63NMYyBMVpQnhlECRG701c092Xd722hZTnSl9BONNeZwUu_ZiHPHj9RU</string>
    <boolean name="ddl_sent" value="true" />
    <long name="af_rc_max_age" value="86400" />
    <string name="sentSuccessfully">true</string>
    <int name="versionCode" value="202529001" />
    <string name="af_remote_config">eyJmZWF0dXJlcyI6e30sInZlciI6ImRlZmF1bHQudjEuMTYzNzE0OTUyOSJ9</string>
    <boolean name="sentRegisterRequestToAF" value="true" />
    <string name="savedProperties">{&quot;uid&quot;:&quot;1768568607952-1791223501844673391&quot;,&quot;waitForCustomerId&quot;:&quot;false&quot;,&quot;logLevel&quot;:&quot;0&quot;,&quot;AppUserId&quot;:&quot;17f5fa8b728a43dc&quot;}</string>
    <string name="AF_INSTALLATION">1768568607952-1791223501844673391</string>
    <boolean name="afUninstallToken_queued" value="false" />
    <int name="appsFlyerCount" value="5" />
    <long name="AppsFlyerTimePassedSincePrevLaunch" value="1768969627215" />
    <boolean name="newGPReferrerSent" value="true" />
    <long name="af_rc_timestamp" value="1768969627211" />
    <string name="first_launch">{&quot;net&quot;:974,&quot;from_fg&quot;:713,&quot;start_with&quot;:&quot;application&quot;,&quot;init_to_fg&quot;:30}</string>
    <string name="appsFlyerFirstInstall">2026-01-16_183328+0530</string>
    <long name="afUninstallToken_received_time" value="1768568616051" />
    <string name="attributionId">{&quot;install_time&quot;:&quot;2026-01-16 13:03:30.544&quot;,&quot;af_message&quot;:&quot;organic install&quot;,&quot;af_status&quot;:&quot;Organic&quot;,&quot;is_first_launch&quot;:false}</string>
</map>
