<?xml version='1.0' encoding='utf-8' standalone='yes' ?>
<map>
    <string name="prev_event_name">sign_up</string>
    <long name="prev_event_timestamp" value="1765879464238" />
    <int name="appsFlyerInAppEventCount" value="1" />
    <string name="afUninstallToken">cOqtmHH9SOyKJV_-b_DG7o:APA91bGPmtJrGcPE9deC7ecHnCwdeEaNbsmPt38OlNp5mxkgKYM2eaIchh6Sjwu3SWJ3oX_7oTbLCB939AcPYZv0eMLy1m6gXgjiucbJ-4HT2FBNc9aMf3g</string>
    <long name="prev_session_dur" value="6" />
    <boolean name="ddl_sent" value="true" />
    <long name="af_rc_max_age" value="86400" />
    <string name="sentSuccessfully">true</string>
    <int name="versionCode" value="202524001" />
    <string name="af_remote_config">eyJmZWF0dXJlcyI6e30sInZlciI6ImRlZmF1bHQudjEuMTYzNzE0OTUyOSJ9</string>
    <boolean name="sentRegisterRequestToAF" value="true" />
    <string name="savedProperties">{&quot;uid&quot;:&quot;1765879460546-3529678188594067404&quot;,&quot;waitForCustomerId&quot;:&quot;false&quot;,&quot;logLevel&quot;:&quot;0&quot;,&quot;AppUserId&quot;:&quot;da58a6fc920035b8&quot;}</string>
    <string name="AF_INSTALLATION">1765879460546-3529678188594067404</string>
    <boolean name="afUninstallToken_queued" value="false" />
    <int name="appsFlyerCount" value="3" />
    <long name="af_rc_timestamp" value="1765879460948" />
    <long name="AppsFlyerTimePassedSincePrevLaunch" value="1765879470677" />
    <boolean name="newGPReferrerSent" value="true" />
    <string name="first_launch">{&quot;net&quot;:1173,&quot;from_fg&quot;:579,&quot;start_with&quot;:&quot;application&quot;,&quot;init_to_fg&quot;:44}</string>
    <string name="appsFlyerFirstInstall">2025-12-16_153420+0530</string>
    <long name="afUninstallToken_received_time" value="1765879472443" />
    <string name="attributionId">{&quot;install_time&quot;:&quot;2025-12-16 10:04:23.072&quot;,&quot;af_message&quot;:&quot;organic install&quot;,&quot;af_status&quot;:&quot;Organic&quot;,&quot;is_first_launch&quot;:false}</string>
</map>
