<?xml version='1.0' encoding='utf-8' standalone='yes' ?>
<map>
    <string name="prev_event_name">number_verified</string>
    <long name="prev_event_timestamp" value="1757062501461" />
    <int name="appsFlyerInAppEventCount" value="2" />
    <long name="prev_session_dur" value="8" />
    <string name="afUninstallToken">cH3YBndPRsq36P2nkFMA7x:APA91bE1SUui6suIZ4ZZAtaeiZMkSSYCAxuBbg-Tgg6SB2-6F1TM7byBZoOHavTC9OXznFaI2trCP5wkRq9j7x3SFz7064c3ZOeaPKiDe1YMV1UyD3oooNQ</string>
    <boolean name="ddl_sent" value="true" />
    <long name="af_rc_max_age" value="86400" />
    <string name="sentSuccessfully">true</string>
    <int name="versionCode" value="202518034" />
    <string name="af_remote_config">eyJmZWF0dXJlcyI6e30sInZlciI6ImRlZmF1bHQudjEuMTYzNzE0OTUyOSJ9</string>
    <boolean name="sentRegisterRequestToAF" value="true" />
    <string name="savedProperties">{&quot;uid&quot;:&quot;1757062424610-7413465699849369063&quot;,&quot;waitForCustomerId&quot;:&quot;false&quot;,&quot;logLevel&quot;:&quot;0&quot;,&quot;AppUserId&quot;:&quot;3455768e57c02624&quot;}</string>
    <string name="AF_INSTALLATION">1757062424610-7413465699849369063</string>
    <boolean name="afUninstallToken_queued" value="false" />
    <int name="appsFlyerCount" value="5" />
    <long name="AppsFlyerTimePassedSincePrevLaunch" value="1764318966829" />
    <boolean name="newGPReferrerSent" value="true" />
    <long name="af_rc_timestamp" value="1764318966819" />
    <string name="first_launch">{&quot;net&quot;:735,&quot;from_fg&quot;:557,&quot;start_with&quot;:&quot;application&quot;,&quot;init_to_fg&quot;:21}</string>
    <string name="appsFlyerFirstInstall">2025-09-05_142344+0530</string>
    <long name="afUninstallToken_received_time" value="1764318967880" />
    <string name="attributionId">{&quot;install_time&quot;:&quot;2025-09-05 08:53:46.638&quot;,&quot;af_message&quot;:&quot;organic install&quot;,&quot;af_status&quot;:&quot;Organic&quot;,&quot;is_first_launch&quot;:false}</string>
</map>
