<?xml version='1.0' encoding='utf-8' standalone='yes' ?>
<map>
    <string name="prev_event_name">number_verified</string>
    <long name="prev_event_timestamp" value="1769049993652" />
    <int name="appsFlyerInAppEventCount" value="2" />
    <long name="prev_session_dur" value="6" />
    <string name="afUninstallToken">fiwVS5q2T86fi9INg4KWr1:APA91bFlh5YY_3Val--jeve3poDRYlWTp6q2zlaqRhDYdVFY9Sd0f1Q9kf44_dtFICoOZAKyjjwu3dPGe5UqT6JjQndpmUF6liE3mOaK2julsVUwgyuYM5w</string>
    <boolean name="ddl_sent" value="true" />
    <long name="af_rc_max_age" value="86400" />
    <string name="sentSuccessfully">true</string>
    <int name="versionCode" value="202530001" />
    <string name="af_remote_config">eyJmZWF0dXJlcyI6e30sInZlciI6ImRlZmF1bHQudjEuMTYzNzE0OTUyOSJ9</string>
    <boolean name="sentRegisterRequestToAF" value="true" />
    <string name="savedProperties">{&quot;uid&quot;:&quot;1769049970447-31784200495882158&quot;,&quot;waitForCustomerId&quot;:&quot;false&quot;,&quot;logLevel&quot;:&quot;0&quot;,&quot;AppUserId&quot;:&quot;b7dbb9041fdd1b5a&quot;}</string>
    <string name="AF_INSTALLATION">1769049970447-31784200495882158</string>
    <boolean name="afUninstallToken_queued" value="false" />
    <int name="appsFlyerCount" value="7" />
    <long name="AppsFlyerTimePassedSincePrevLaunch" value="1771079079035" />
    <boolean name="newGPReferrerSent" value="true" />
    <long name="af_rc_timestamp" value="1771079079033" />
    <string name="first_launch">{&quot;net&quot;:832,&quot;from_fg&quot;:726,&quot;start_with&quot;:&quot;application&quot;,&quot;init_to_fg&quot;:28}</string>
    <string name="appsFlyerFirstInstall">2026-01-22_081610+0530</string>
    <long name="afUninstallToken_received_time" value="1769049973495" />
    <string name="attributionId">{&quot;install_time&quot;:&quot;2026-01-22 02:46:12.532&quot;,&quot;af_message&quot;:&quot;organic install&quot;,&quot;af_status&quot;:&quot;Organic&quot;,&quot;is_first_launch&quot;:false}</string>
</map>
