<?xml version='1.0' encoding='utf-8' standalone='yes' ?>
<map>
    <string name="prev_event_name">number_verified</string>
    <long name="prev_event_timestamp" value="1769674254988" />
    <int name="appsFlyerInAppEventCount" value="2" />
    <long name="prev_session_dur" value="5" />
    <string name="afUninstallToken">eVVlvFwGRDamEzA4a1-Mlr:APA91bGE_gOzCdnAeAC6PhJHXv0M2Flf4K8nYqd3dEMG2tq3YzmzbyN_KBzTcXqd6W5Ly-PK8ud4Wi8YV375WXvAHGzUJO6eZFiNZElXsGu7CTVdlwO9zCs</string>
    <boolean name="ddl_sent" value="true" />
    <long name="af_rc_max_age" value="86400" />
    <string name="sentSuccessfully">true</string>
    <int name="versionCode" value="202531001" />
    <string name="af_remote_config">eyJmZWF0dXJlcyI6e30sInZlciI6ImRlZmF1bHQudjEuMTYzNzE0OTUyOSJ9</string>
    <boolean name="sentRegisterRequestToAF" value="true" />
    <string name="savedProperties">{&quot;uid&quot;:&quot;1769674194967-847297113145603101&quot;,&quot;waitForCustomerId&quot;:&quot;false&quot;,&quot;logLevel&quot;:&quot;0&quot;,&quot;AppUserId&quot;:&quot;e5520b3753366cc8&quot;}</string>
    <string name="AF_INSTALLATION">1769674194967-847297113145603101</string>
    <boolean name="afUninstallToken_queued" value="false" />
    <int name="appsFlyerCount" value="4" />
    <long name="AppsFlyerTimePassedSincePrevLaunch" value="1769840452347" />
    <long name="af_rc_timestamp" value="1769840452344" />
    <boolean name="newGPReferrerSent" value="true" />
    <string name="appsFlyerFirstInstall">2026-01-29_133955+0530</string>
    <long name="afUninstallToken_received_time" value="1769674197911" />
    <string name="attributionId">{&quot;install_time&quot;:&quot;2026-01-29 08:09:56.731&quot;,&quot;af_message&quot;:&quot;organic install&quot;,&quot;af_status&quot;:&quot;Organic&quot;,&quot;is_first_launch&quot;:false}</string>
</map>
