<?xml version='1.0' encoding='utf-8' standalone='yes' ?>
<map>
    <string name="prev_event_name">number_verified</string>
    <long name="prev_event_timestamp" value="1771829362033" />
    <int name="appsFlyerInAppEventCount" value="2" />
    <long name="prev_session_dur" value="2" />
    <string name="afUninstallToken">cgH72SHRTBy3FjSk6z1um6:APA91bHl1aouU4xrbmgSL1ocwF78D9vaZtvpx20v5dY-C-v7Bl9qVICE9yalY5ZcaBJ8ftlos7KQeCEl31h17Gg15dygNGzex2gRfXAniajon6or0NIMzg0</string>
    <boolean name="ddl_sent" value="true" />
    <long name="af_rc_max_age" value="86400" />
    <string name="sentSuccessfully">true</string>
    <int name="versionCode" value="202531001" />
    <string name="af_remote_config">eyJmZWF0dXJlcyI6e30sInZlciI6ImRlZmF1bHQudjEuMTYzNzE0OTUyOSJ9</string>
    <boolean name="sentRegisterRequestToAF" value="true" />
    <string name="savedProperties">{&quot;uid&quot;:&quot;1771829321980-3609709074944156887&quot;,&quot;waitForCustomerId&quot;:&quot;false&quot;,&quot;logLevel&quot;:&quot;0&quot;,&quot;AppUserId&quot;:&quot;a4ca974a2514dfb0&quot;}</string>
    <string name="AF_INSTALLATION">1771829321980-3609709074944156887</string>
    <boolean name="afUninstallToken_queued" value="false" />
    <int name="appsFlyerCount" value="4" />
    <long name="AppsFlyerTimePassedSincePrevLaunch" value="1771829385966" />
    <boolean name="newGPReferrerSent" value="true" />
    <long name="af_rc_timestamp" value="1771829322656" />
    <string name="appsFlyerFirstInstall">2026-02-23_121842+0530</string>
    <long name="afUninstallToken_received_time" value="1771829325272" />
    <string name="attributionId">{&quot;install_time&quot;:&quot;2026-02-23 06:48:44.102&quot;,&quot;af_message&quot;:&quot;organic install&quot;,&quot;af_status&quot;:&quot;Organic&quot;,&quot;is_first_launch&quot;:false}</string>
</map>
