<?xml version='1.0' encoding='utf-8' standalone='yes' ?>
<map>
    <string name="prev_event_name">number_verified</string>
    <long name="prev_event_timestamp" value="1770438358713" />
    <int name="appsFlyerInAppEventCount" value="2" />
    <long name="prev_session_dur" value="12" />
    <string name="afUninstallToken">caZnLHDhTCe50vmXueakAv:APA91bGNCj9t_MqO7qqlGRrmu4H0lAJUyJTYvXYuweNeeZBlByhyT8Bmntzwqiygk75jY3K9OxHdSNsc2te-iRoTxoqost7jAzz1VQZKd1DCrc1uFHa33_Y</string>
    <boolean name="ddl_sent" value="true" />
    <long name="af_rc_max_age" value="86400" />
    <string name="sentSuccessfully">true</string>
    <int name="versionCode" value="202604001" />
    <string name="af_remote_config">eyJmZWF0dXJlcyI6e30sInZlciI6ImRlZmF1bHQudjEuMTYzNzE0OTUyOSJ9</string>
    <boolean name="sentRegisterRequestToAF" value="true" />
    <string name="savedProperties">{&quot;uid&quot;:&quot;1770438341084-6283287878787993887&quot;,&quot;waitForCustomerId&quot;:&quot;false&quot;,&quot;logLevel&quot;:&quot;0&quot;,&quot;AppUserId&quot;:&quot;8624d3d114d4a3d9&quot;}</string>
    <string name="AF_INSTALLATION">1770438341084-6283287878787993887</string>
    <boolean name="afUninstallToken_queued" value="false" />
    <int name="appsFlyerCount" value="7" />
    <long name="af_rc_timestamp" value="1771080580914" />
    <long name="AppsFlyerTimePassedSincePrevLaunch" value="1771081506062" />
    <boolean name="newGPReferrerSent" value="true" />
    <string name="appsFlyerFirstInstall">2026-02-07_095541+0530</string>
    <long name="afUninstallToken_received_time" value="1770438343459" />
    <string name="attributionId">{&quot;install_time&quot;:&quot;2026-02-07 04:25:42.968&quot;,&quot;af_message&quot;:&quot;organic install&quot;,&quot;af_status&quot;:&quot;Organic&quot;,&quot;is_first_launch&quot;:false}</string>
</map>
