<?xml version='1.0' encoding='utf-8' standalone='yes' ?>
<map>
    <string name="afUninstallToken">fjimIxWIRGWH6NUE1eZ5Xr:APA91bGLfUsuB5KtBXxrd676cev5_PUxzHhAB_m8fe6lK8SrygVG_8NQvTmisyeT_MUcwHMFC7B2jpc5BOGC2859qUi8tlzFKbq1u8wm11hRgEfXRc_tZho</string>
    <long name="prev_session_dur" value="2" />
    <boolean name="ddl_sent" value="true" />
    <long name="af_rc_max_age" value="86400" />
    <string name="sentSuccessfully">true</string>
    <int name="versionCode" value="20251702" />
    <string name="af_remote_config">eyJmZWF0dXJlcyI6e30sInZlciI6ImRlZmF1bHQudjEuMTYzNzE0OTUyOSJ9</string>
    <boolean name="sentRegisterRequestToAF" value="true" />
    <string name="savedProperties">{&quot;uid&quot;:&quot;1756122612267-1054852429828619520&quot;,&quot;waitForCustomerId&quot;:&quot;false&quot;,&quot;logLevel&quot;:&quot;0&quot;,&quot;AppUserId&quot;:&quot;8de5530e7ce3ac33&quot;}</string>
    <string name="AF_INSTALLATION">1756122612267-1054852429828619520</string>
    <boolean name="afUninstallToken_queued" value="false" />
    <int name="appsFlyerCount" value="6" />
    <long name="af_rc_timestamp" value="1757136959511" />
    <long name="AppsFlyerTimePassedSincePrevLaunch" value="1757137021071" />
    <boolean name="newGPReferrerSent" value="true" />
    <long name="appsflyerConversionDataCacheExpiration" value="1757136960918" />
    <string name="appsFlyerFirstInstall">2025-08-25_172012+0530</string>
    <long name="afUninstallToken_received_time" value="1757136961289" />
    <string name="attributionId">{&quot;adgroup_id&quot;:&quot;120230760424560267&quot;,&quot;retargeting_conversion_type&quot;:&quot;re-engagement&quot;,&quot;is_fb&quot;:true,&quot;is_first_launch&quot;:false,&quot;iscache&quot;:false,&quot;click_time&quot;:&quot;2025-09-06 03:43:42.000&quot;,&quot;adset&quot;:&quot;QuickTv_Meta_Scaling_Hindi_StartTrial_OG_Genre_Long_56_Episodic_Mere3Shehzaade_ay3aK6ve&quot;,&quot;match_type&quot;:&quot;srn&quot;,&quot;af_channel&quot;:&quot;Facebook&quot;,&quot;is_paid&quot;:true,&quot;campaign_id&quot;:&quot;120229306836380267&quot;,&quot;install_time&quot;:&quot;2025-09-06 04:27:55.284&quot;,&quot;agency&quot;:null,&quot;media_source&quot;:&quot;Facebook Ads&quot;,&quot;af_siteid&quot;:null,&quot;af_status&quot;:&quot;Non-organic&quot;,&quot;af_sub1&quot;:null,&quot;ad_id&quot;:&quot;120230760437740267&quot;,&quot;af_sub5&quot;:null,&quot;af_sub4&quot;:null,&quot;af_sub3&quot;:null,&quot;af_sub2&quot;:null,&quot;adset_id&quot;:&quot;120230760423790267&quot;,&quot;http_referrer&quot;:null,&quot;campaign&quot;:&quot;QuickTv_Meta_Scaling_Hindi_StartTrial_OGs1_Episodic_Mere3Shehzaade_ay3aK6ve&quot;,&quot;is_mobile_data_terms_signed&quot;:true,&quot;adgroup&quot;:&quot;QuickTv_Meta_Scaling_Hindi_StartTrial_OG_Humiliation_MTS78_Long_Episodic_Mere3Shehzaade_ay3aK6ve&quot;}</string>
</map>
