<?xml version='1.0' encoding='utf-8' standalone='yes' ?>
<map>
    <string name="prev_event_name">number_verified</string>
    <long name="prev_event_timestamp" value="1757050317331" />
    <int name="appsFlyerInAppEventCount" value="2" />
    <long name="prev_session_dur" value="3" />
    <string name="afUninstallToken">cOqtmHH9SOyKJV_-b_DG7o:APA91bE2yKwpYIkwF8UwN-AR2GoCmZGpNqskp6C--lzFIcfuMSIE9gbVjU_Ca1-vq28kqX-mSlKDnbTBCvLGOY7GCE__-DvIiWpWalJTMnB8La7FK9mIhFU</string>
    <boolean name="ddl_sent" value="true" />
    <long name="af_rc_max_age" value="86400" />
    <string name="sentSuccessfully">true</string>
    <int name="versionCode" value="20252001" />
    <string name="af_remote_config">eyJmZWF0dXJlcyI6e30sInZlciI6ImRlZmF1bHQudjEuMTYzNzE0OTUyOSJ9</string>
    <boolean name="sentRegisterRequestToAF" value="true" />
    <string name="savedProperties">{&quot;uid&quot;:&quot;1757050286411-661491993152865067&quot;,&quot;waitForCustomerId&quot;:&quot;false&quot;,&quot;logLevel&quot;:&quot;0&quot;,&quot;AppUserId&quot;:&quot;a0c7c8d5f20e4325&quot;}</string>
    <string name="AF_INSTALLATION">1757050286411-661491993152865067</string>
    <boolean name="afUninstallToken_queued" value="false" />
    <int name="appsFlyerCount" value="6" />
    <long name="af_rc_timestamp" value="1757962449802" />
    <long name="AppsFlyerTimePassedSincePrevLaunch" value="1757962449808" />
    <boolean name="newGPReferrerSent" value="true" />
    <string name="appsFlyerFirstInstall">2025-09-05_110126+0530</string>
    <long name="afUninstallToken_received_time" value="1757962450884" />
    <string name="attributionId">{&quot;af_status&quot;:&quot;Organic&quot;,&quot;af_message&quot;:&quot;organic install&quot;,&quot;is_first_launch&quot;:false}</string>
</map>
