<?xml version='1.0' encoding='utf-8' standalone='yes' ?>
<map>
    <string name="afUninstallToken">csOmvyCTTHOCciyGfX8_z0:APA91bGU3IdIU0sGRlqpZGvO57jRzlw1ZdALY8IkOlj9i0Ct3KQPCA49px2Druyflrqb_V2PtKtXV-5BgkHT2wEy7WeLotuN_i1HK5HxPKjQLe79_BekAU4</string>
    <string name="attributionId">{&quot;install_time&quot;:&quot;2025-08-25 07:24:55.677&quot;,&quot;af_message&quot;:&quot;organic install&quot;,&quot;af_status&quot;:&quot;Organic&quot;,&quot;is_first_launch&quot;:false}</string>
    <long name="AppsFlyerTimePassedSincePrevLaunch" value="1756106745390" />
    <int name="appsFlyerCount" value="4" />
    <string name="sentSuccessfully">true</string>
    <long name="prev_session_dur" value="49" />
    <int name="versionCode" value="20251702" />
    <boolean name="newGPReferrerSent" value="true" />
    <long name="afUninstallToken_received_time" value="1756106693341" />
    <string name="first_launch">{&quot;net&quot;:1936,&quot;from_fg&quot;:1358,&quot;start_with&quot;:&quot;application&quot;,&quot;init_to_fg&quot;:57}</string>
    <string name="savedProperties">{&quot;AppUserId&quot;:&quot;835716c2a175e493&quot;,&quot;uid&quot;:&quot;1756106690662-154984857192946754&quot;,&quot;logLevel&quot;:&quot;0&quot;,&quot;waitForCustomerId&quot;:&quot;false&quot;}</string>
    <boolean name="sentRegisterRequestToAF" value="true" />
    <string name="af_remote_config">eyJmZWF0dXJlcyI6e30sInZlciI6ImRlZmF1bHQudjEuMTYzNzE0OTUyOSJ9</string>
    <boolean name="ddl_sent" value="true" />
    <string name="prev_event_name">number_verified</string>
    <long name="prev_event_timestamp" value="1756106774059" />
    <long name="af_rc_max_age" value="86400" />
    <string name="AF_INSTALLATION">1756106690662-154984857192946754</string>
    <string name="appsFlyerFirstInstall">2025-08-25_125450+0530</string>
    <boolean name="afUninstallToken_queued" value="false" />
    <long name="af_rc_timestamp" value="1756106690872" />
    <int name="appsFlyerInAppEventCount" value="3" />
</map>
