<?xml version='1.0' encoding='utf-8' standalone='yes' ?>
<map>
    <string name="prev_event_name">number_verified</string>
    <long name="prev_event_timestamp" value="1757178423745" />
    <int name="appsFlyerInAppEventCount" value="3" />
    <long name="prev_session_dur" value="4" />
    <string name="afUninstallToken">fWG-NHhuRn-vNxq-ycZ-rI:APA91bGsouMm2FsujW4Fa9qa6Fk7sIdoInFSHSSN7qyKQUe0LDyJu0Ovl8b5M-58ceJ5IG5MLbjgzwF4OKw5_37rhYfgHyftXkNlWDl3iM9YNWANnG0a5eQ</string>
    <boolean name="ddl_sent" value="true" />
    <long name="af_rc_max_age" value="86400" />
    <string name="sentSuccessfully">true</string>
    <int name="versionCode" value="20252101" />
    <string name="af_remote_config">eyJmZWF0dXJlcyI6e30sInZlciI6ImRlZmF1bHQudjEuMTYzNzE0OTUyOSJ9</string>
    <boolean name="sentRegisterRequestToAF" value="true" />
    <string name="savedProperties">{&quot;uid&quot;:&quot;1757178359429-8875583137336459820&quot;,&quot;waitForCustomerId&quot;:&quot;false&quot;,&quot;logLevel&quot;:&quot;0&quot;,&quot;AppUserId&quot;:&quot;722596cbb32c671f&quot;}</string>
    <string name="AF_INSTALLATION">1757178359429-8875583137336459820</string>
    <boolean name="afUninstallToken_queued" value="false" />
    <int name="appsFlyerCount" value="5" />
    <long name="af_rc_timestamp" value="1759895245111" />
    <long name="AppsFlyerTimePassedSincePrevLaunch" value="1759895245113" />
    <boolean name="newGPReferrerSent" value="true" />
    <string name="appsFlyerFirstInstall">2025-09-06_223559+0530</string>
    <long name="afUninstallToken_received_time" value="1757178361988" />
    <string name="attributionId">{&quot;install_time&quot;:&quot;2025-09-06 17:06:03.269&quot;,&quot;af_message&quot;:&quot;organic install&quot;,&quot;af_status&quot;:&quot;Organic&quot;,&quot;is_first_launch&quot;:false}</string>
</map>
