<?xml version='1.0' encoding='utf-8' standalone='yes' ?>
<map>
    <long name="first_open_time" value="1755775998163" />
    <string name="gmp_app_id">1:412826138735:android:8a32f791e415634f2ff59a</string>
    <string name="app_instance_id">96113dea7a9efa59db80314aaaf09f79</string>
    <long name="session_id" value="1755775998" />
    <boolean name="app_backgrounded" value="true" />
    <long name="health_monitor:start" value="1755775998284" />
    <boolean name="use_service" value="true" />
    <boolean name="deferred_analytics_collection" value="false" />
    <string name="default_event_parameters">[{&quot;n&quot;:&quot;sc_session_id&quot;,&quot;v&quot;:&quot;2799994192_ed046ce3-8b90-46a8-8ebc-ae0430c3a580&quot;,&quot;t&quot;:&quot;s&quot;}]</string>
    <string name="previous_os_version">15</string>
    <boolean name="has_been_opened" value="true" />
    <boolean name="allow_remote_dynamite" value="true" />
    <long name="last_pause_time" value="1755776007672" />
    <boolean name="start_new_session" value="false" />
</map>
