<?xml version='1.0' encoding='utf-8' standalone='yes' ?>
<map>
    <long name="last_upload" value="1769840453441" />
    <long name="first_open_time" value="1769674194384" />
    <string name="gmp_app_id">1:412826138735:android:8a32f791e415634f2ff59a</string>
    <string name="app_instance_id">dc12eb4a9e630159564e85e97d01d446</string>
    <long name="session_id" value="1769840451" />
    <boolean name="app_backgrounded" value="true" />
    <long name="health_monitor:start" value="1769840450960" />
    <boolean name="use_service" value="true" />
    <boolean name="deferred_analytics_collection" value="false" />
    <long name="last_delete_stale" value="1356948068" />
    <string name="default_event_parameters">[{&quot;n&quot;:&quot;sc_session_id&quot;,&quot;v&quot;:&quot;4315241811_eb0d691e-4d84-4b10-bf94-dcd502054147&quot;,&quot;t&quot;:&quot;s&quot;}]</string>
    <string name="previous_os_version">15</string>
    <boolean name="has_been_opened" value="true" />
    <string name="health_monitor:value">2EC82001:Failed to get app instance id</string>
    <boolean name="allow_remote_dynamite" value="true" />
    <long name="last_pause_time" value="1769840457485" />
    <boolean name="start_new_session" value="false" />
    <long name="health_monitor:count" value="245" />
</map>
