<?xml version='1.0' encoding='utf-8' standalone='yes' ?>
<map>
    <long name="first_open_time" value="1756553556092" />
    <string name="gmp_app_id">1:412826138735:android:8a32f791e415634f2ff59a</string>
    <string name="app_instance_id">6eb81de983864eaecad8d25be617f124</string>
    <long name="session_id" value="1756553556" />
    <boolean name="app_backgrounded" value="true" />
    <long name="health_monitor:start" value="1756553556228" />
    <boolean name="use_service" value="true" />
    <boolean name="deferred_analytics_collection" value="false" />
    <string name="default_event_parameters">[{&quot;n&quot;:&quot;sc_session_id&quot;,&quot;v&quot;:&quot;3356132988_b59a571d-8ed3-4ddd-910b-a5bf214c8501&quot;,&quot;t&quot;:&quot;s&quot;}]</string>
    <string name="previous_os_version">15</string>
    <boolean name="has_been_opened" value="true" />
    <boolean name="allow_remote_dynamite" value="true" />
    <long name="last_pause_time" value="1756553673992" />
    <boolean name="start_new_session" value="false" />
</map>
