<?xml version='1.0' encoding='utf-8' standalone='yes' ?>
<map>
    <long name="last_upload" value="1771080581371" />
    <long name="first_open_time" value="1770438340389" />
    <string name="gmp_app_id">1:412826138735:android:8a32f791e415634f2ff59a</string>
    <string name="app_instance_id">21108a71d453852832f96d0ac32120f8</string>
    <long name="session_id" value="1771080579" />
    <boolean name="app_backgrounded" value="true" />
    <long name="health_monitor:start" value="1771080579752" />
    <boolean name="use_service" value="true" />
    <boolean name="deferred_analytics_collection" value="false" />
    <string name="default_event_parameters">[{&quot;n&quot;:&quot;sc_session_id&quot;,&quot;v&quot;:&quot;3482110705_7a7b519c-07b9-409b-85b7-6ebd3a2ca83c&quot;,&quot;t&quot;:&quot;s&quot;}]</string>
    <string name="previous_os_version">15</string>
    <boolean name="has_been_opened" value="true" />
    <string name="health_monitor:value">2EC82001:Failed to get app instance id</string>
    <boolean name="allow_remote_dynamite" value="true" />
    <long name="last_pause_time" value="1771080586091" />
    <boolean name="start_new_session" value="false" />
    <long name="health_monitor:count" value="208" />
</map>
