<?xml version='1.0' encoding='utf-8' standalone='yes' ?>
<map>
    <long name="last_upload" value="1771190248420" />
    <long name="first_open_time" value="1771135212154" />
    <string name="gmp_app_id">1:412826138735:android:8a32f791e415634f2ff59a</string>
    <string name="app_instance_id">eebc188e992815425751aa4c9f0a24a9</string>
    <long name="session_id" value="1771190246" />
    <boolean name="app_backgrounded" value="true" />
    <long name="health_monitor:start" value="1771135212321" />
    <boolean name="use_service" value="true" />
    <boolean name="deferred_analytics_collection" value="false" />
    <long name="last_delete_stale" value="148178527" />
    <string name="default_event_parameters">[{&quot;n&quot;:&quot;sc_session_id&quot;,&quot;v&quot;:&quot;3273638584_11e390b2-2c29-4423-8e5c-aa5a7de1d874&quot;,&quot;t&quot;:&quot;s&quot;}]</string>
    <string name="previous_os_version">15</string>
    <boolean name="has_been_opened" value="true" />
    <string name="health_monitor:value">2EC82001:Failed to send default event parameters to service</string>
    <boolean name="allow_remote_dynamite" value="true" />
    <long name="last_pause_time" value="1771190251619" />
    <boolean name="start_new_session" value="false" />
    <long name="health_monitor:count" value="250" />
</map>
