<?xml version='1.0' encoding='utf-8' standalone='yes' ?>
<map>
    <long name="first_open_time" value="1769049969907" />
    <string name="gmp_app_id">1:412826138735:android:8a32f791e415634f2ff59a</string>
    <string name="app_instance_id">ef4ef1b249f77df4483ebf4c5b46b2b9</string>
    <boolean name="app_backgrounded" value="true" />
    <long name="session_id" value="1772352456" />
    <long name="health_monitor:start" value="1772352455923" />
    <boolean name="use_service" value="true" />
    <boolean name="deferred_analytics_collection" value="false" />
    <string name="default_event_parameters">[{&quot;n&quot;:&quot;sc_session_id&quot;,&quot;v&quot;:&quot;2799994192_7f11f8a7-344e-4a15-83b6-dd27a512764b&quot;,&quot;t&quot;:&quot;s&quot;}]</string>
    <string name="previous_os_version">15</string>
    <boolean name="has_been_opened" value="true" />
    <string name="health_monitor:value">2EC82001:Failed to send default event parameters to service</string>
    <boolean name="allow_remote_dynamite" value="true" />
    <long name="last_pause_time" value="1772352463003" />
    <boolean name="start_new_session" value="false" />
    <long name="health_monitor:count" value="392" />
</map>
