<?xml version='1.0' encoding='utf-8' standalone='yes' ?>
<map>
    <long name="last_upload" value="1767008815674" />
    <long name="first_open_time" value="1767008793816" />
    <string name="gmp_app_id">1:412826138735:android:8a32f791e415634f2ff59a</string>
    <string name="app_instance_id">a1d49cba76586a9776e0cbb0aeadc83d</string>
    <long name="session_id" value="1767502046" />
    <boolean name="app_backgrounded" value="true" />
    <long name="health_monitor:start" value="1767502046858" />
    <boolean name="use_service" value="true" />
    <boolean name="deferred_analytics_collection" value="false" />
    <long name="last_delete_stale" value="879343616" />
    <string name="default_event_parameters">[{&quot;n&quot;:&quot;sc_session_id&quot;,&quot;v&quot;:&quot;4634065954_be1d6497-e3dd-43f9-95fb-4bfd2690b47c&quot;,&quot;t&quot;:&quot;s&quot;}]</string>
    <string name="previous_os_version">15</string>
    <boolean name="has_been_opened" value="true" />
    <boolean name="allow_remote_dynamite" value="true" />
    <long name="last_pause_time" value="1767502054257" />
    <long name="midnight_offset" value="34871348" />
    <boolean name="start_new_session" value="false" />
    <long name="last_upload_attempt" value="0" />
</map>
