<?xml version='1.0' encoding='utf-8' standalone='yes' ?>
<map>
    <long name="first_open_time" value="1757050285658" />
    <string name="gmp_app_id">1:412826138735:android:8a32f791e415634f2ff59a</string>
    <string name="app_instance_id">b8139171a4b6b459390624a171a7f367</string>
    <long name="session_id" value="1765879469" />
    <boolean name="app_backgrounded" value="true" />
    <long name="health_monitor:start" value="1765879469105" />
    <boolean name="use_service" value="true" />
    <boolean name="deferred_analytics_collection" value="false" />
    <string name="default_event_parameters">[{&quot;n&quot;:&quot;sc_session_id&quot;,&quot;v&quot;:&quot;3356132988_c2db4f54-5099-4b6a-96cc-b21ee96c5fc5&quot;,&quot;t&quot;:&quot;s&quot;}]</string>
    <string name="previous_os_version">15</string>
    <boolean name="has_been_opened" value="true" />
    <boolean name="allow_remote_dynamite" value="true" />
    <long name="last_pause_time" value="1765879476131" />
    <boolean name="start_new_session" value="false" />
</map>
