<?xml version='1.0' encoding='utf-8' standalone='yes' ?>
<map>
    <long name="first_open_time" value="1755776520768" />
    <string name="gmp_app_id">1:412826138735:android:8a32f791e415634f2ff59a</string>
    <string name="app_instance_id">01f5778875f590ac98aae286d9a9843b</string>
    <long name="session_id" value="1755776520" />
    <boolean name="app_backgrounded" value="true" />
    <long name="health_monitor:start" value="1755776520943" />
    <boolean name="use_service" value="true" />
    <boolean name="deferred_analytics_collection" value="false" />
    <string name="default_event_parameters">[{&quot;n&quot;:&quot;sc_session_id&quot;,&quot;v&quot;:&quot;2799994192_3f949b0e-5daa-42bf-b674-1f5eba5b9864&quot;,&quot;t&quot;:&quot;s&quot;}]</string>
    <string name="previous_os_version">15</string>
    <boolean name="has_been_opened" value="true" />
    <boolean name="allow_remote_dynamite" value="true" />
    <long name="last_pause_time" value="1755776529525" />
    <boolean name="start_new_session" value="false" />
</map>
