<?xml version='1.0' encoding='utf-8' standalone='yes' ?>
<map>
    <long name="first_open_time" value="1766151954237" />
    <string name="default_event_parameters">[{&quot;n&quot;:&quot;sc_session_id&quot;,&quot;v&quot;:&quot;2799994192_578fb32e-6d2b-4f09-8cd6-1db64c39d834&quot;,&quot;t&quot;:&quot;s&quot;}]</string>
    <string name="gmp_app_id">1:412826138735:android:8a32f791e415634f2ff59a</string>
    <string name="app_instance_id">5fc6116b75915bdba843bff9d5e0f9cf</string>
    <boolean name="has_been_opened" value="true" />
    <boolean name="app_backgrounded" value="true" />
    <boolean name="allow_remote_dynamite" value="true" />
    <long name="health_monitor:start" value="1767768002051" />
    <boolean name="use_service" value="true" />
    <boolean name="start_new_session" value="true" />
</map>
