<?xml version='1.0' encoding='utf-8' standalone='yes' ?>
<map>
    <long name="first_open_time" value="1757178358591" />
    <string name="gmp_app_id">1:412826138735:android:8a32f791e415634f2ff59a</string>
    <string name="app_instance_id">ec7046ceae4e4d7bbf2aecbe67f04ed7</string>
    <long name="session_id" value="1759895243" />
    <boolean name="app_backgrounded" value="true" />
    <long name="health_monitor:start" value="1759895243770" />
    <boolean name="use_service" value="true" />
    <boolean name="deferred_analytics_collection" value="false" />
    <string name="default_event_parameters">[{&quot;n&quot;:&quot;sc_session_id&quot;,&quot;v&quot;:&quot;2991327970_ce0ac6f7-04fa-442f-9da1-af9fd5247ff9&quot;,&quot;t&quot;:&quot;s&quot;}]</string>
    <string name="previous_os_version">15</string>
    <boolean name="has_been_opened" value="true" />
    <string name="health_monitor:value">2EC79000:Failed to send default event parameters to service</string>
    <boolean name="allow_remote_dynamite" value="true" />
    <long name="last_pause_time" value="1759895248515" />
    <boolean name="start_new_session" value="false" />
    <long name="health_monitor:count" value="262" />
</map>
