<?xml version='1.0' encoding='utf-8' standalone='yes' ?>
<map>
    <long name="first_open_time" value="1768568607398" />
    <string name="default_event_parameters">[{&quot;n&quot;:&quot;sc_session_id&quot;,&quot;v&quot;:&quot;2799994192_24283cc0-3600-48c2-a502-7b0c5b4ec268&quot;,&quot;t&quot;:&quot;s&quot;}]</string>
    <string name="gmp_app_id">1:412826138735:android:8a32f791e415634f2ff59a</string>
    <string name="app_instance_id">fad305f181f124067ed93abcbfa587c3</string>
    <boolean name="has_been_opened" value="true" />
    <boolean name="app_backgrounded" value="true" />
    <boolean name="allow_remote_dynamite" value="true" />
    <long name="health_monitor:start" value="1768969636378" />
    <boolean name="use_service" value="true" />
    <boolean name="start_new_session" value="true" />
</map>
