<?xml version='1.0' encoding='utf-8' standalone='yes' ?>
<map>
    <long name="first_open_time" value="1757050285658" />
    <string name="gmp_app_id">1:412826138735:android:8a32f791e415634f2ff59a</string>
    <string name="app_instance_id">80674325cb6f5a3b65067cf24c229aa5</string>
    <long name="session_id" value="1759478376" />
    <boolean name="app_backgrounded" value="true" />
    <long name="health_monitor:start" value="1759478376268" />
    <boolean name="use_service" value="true" />
    <boolean name="deferred_analytics_collection" value="false" />
    <string name="default_event_parameters">[{&quot;n&quot;:&quot;sc_session_id&quot;,&quot;v&quot;:&quot;3356132988_a3f7a45f-8aac-44a3-b78d-a69aee2de9b6&quot;,&quot;t&quot;:&quot;s&quot;}]</string>
    <string name="previous_os_version">15</string>
    <boolean name="has_been_opened" value="true" />
    <string name="health_monitor:value">2EC79000:Discarding data. Failed to send event to service</string>
    <boolean name="allow_remote_dynamite" value="true" />
    <long name="last_pause_time" value="1759478384286" />
    <boolean name="start_new_session" value="false" />
    <long name="health_monitor:count" value="515" />
</map>
