<?xml version='1.0' encoding='utf-8' standalone='yes' ?>
<map>
    <boolean name="allow_remote_dynamite" value="true" />
    <string name="app_instance_id">d47f80ad768eab4eff1744f041e7485c</string>
    <string name="gmp_app_id">1:412826138735:android:8a32f791e415634f2ff59a</string>
    <boolean name="has_been_opened" value="true" />
    <long name="first_open_time" value="1756106689704" />
    <boolean name="deferred_analytics_collection" value="false" />
    <boolean name="use_service" value="true" />
    <long name="session_id" value="1756106690" />
    <long name="health_monitor:start" value="1756106690117" />
    <boolean name="app_backgrounded" value="true" />
    <string name="default_event_parameters">[{&quot;n&quot;:&quot;sc_session_id&quot;,&quot;v&quot;:&quot;3773334975_0b0fbb0f-a642-400f-b246-6d88ee2667f5&quot;,&quot;t&quot;:&quot;s&quot;}]</string>
    <long name="last_pause_time" value="1756106794439" />
    <string name="previous_os_version">7.1.2</string>
    <boolean name="start_new_session" value="false" />
</map>
