<?xml version='1.0' encoding='utf-8' standalone='yes' ?>
<map>
    <long name="first_open_time" value="1757050285658" />
    <string name="gmp_app_id">1:412826138735:android:8a32f791e415634f2ff59a</string>
    <string name="app_instance_id">80674325cb6f5a3b65067cf24c229aa5</string>
    <long name="session_id" value="1761277461" />
    <boolean name="app_backgrounded" value="true" />
    <long name="health_monitor:start" value="1761277461352" />
    <boolean name="use_service" value="true" />
    <boolean name="deferred_analytics_collection" value="false" />
    <string name="default_event_parameters">[{&quot;n&quot;:&quot;sc_session_id&quot;,&quot;v&quot;:&quot;3356132988_5e9f8670-e0fe-4fb5-9831-033014c7ec97&quot;,&quot;t&quot;:&quot;s&quot;}]</string>
    <string name="previous_os_version">15</string>
    <boolean name="has_been_opened" value="true" />
    <string name="health_monitor:value">2WC79000:Service connection failed: -</string>
    <boolean name="allow_remote_dynamite" value="true" />
    <long name="last_pause_time" value="1761277466929" />
    <boolean name="start_new_session" value="false" />
    <long name="health_monitor:count" value="403" />
</map>
