<?xml version='1.0' encoding='utf-8' standalone='yes' ?>
<map>
    <long name="first_open_time" value="1754493508267" />
    <string name="default_event_parameters">[{&quot;n&quot;:&quot;sc_session_id&quot;,&quot;v&quot;:&quot;2799994192_8a767738-d882-4a94-9938-e07a7592535e&quot;,&quot;t&quot;:&quot;s&quot;}]</string>
    <string name="gmp_app_id">1:412826138735:android:8a32f791e415634f2ff59a</string>
    <string name="app_instance_id">44ee4f754a73e3c5da3be6157dc22f8b</string>
    <boolean name="has_been_opened" value="true" />
    <boolean name="app_backgrounded" value="true" />
    <boolean name="allow_remote_dynamite" value="true" />
    <long name="health_monitor:start" value="1754621011517" />
    <boolean name="use_service" value="true" />
    <boolean name="start_new_session" value="true" />
</map>
