<?xml version='1.0' encoding='utf-8' standalone='yes' ?>
<map>
    <long name="first_open_time" value="1757050285658" />
    <string name="gmp_app_id">1:412826138735:android:8a32f791e415634f2ff59a</string>
    <string name="app_instance_id">94e30084459d54f191a2c6fb52e72724</string>
    <long name="session_id" value="1757962447" />
    <boolean name="app_backgrounded" value="true" />
    <long name="health_monitor:start" value="1757962447611" />
    <boolean name="use_service" value="true" />
    <boolean name="deferred_analytics_collection" value="false" />
    <string name="default_event_parameters">[{&quot;n&quot;:&quot;sc_session_id&quot;,&quot;v&quot;:&quot;3356132988_2e7319ac-30ed-43cc-8ff1-dbd359ff5a9c&quot;,&quot;t&quot;:&quot;s&quot;}]</string>
    <string name="previous_os_version">15</string>
    <boolean name="has_been_opened" value="true" />
    <boolean name="allow_remote_dynamite" value="true" />
    <long name="last_pause_time" value="1757962452239" />
    <boolean name="start_new_session" value="false" />
</map>
