<?xml version='1.0' encoding='utf-8' standalone='yes' ?>
<map>
    <long name="first_open_time" value="1757178358591" />
    <string name="gmp_app_id">1:412826138735:android:8a32f791e415634f2ff59a</string>
    <string name="app_instance_id">0e025a9a07363002572562cdc278b158</string>
    <long name="session_id" value="1758163150" />
    <boolean name="app_backgrounded" value="true" />
    <long name="health_monitor:start" value="1758163150829" />
    <boolean name="use_service" value="true" />
    <boolean name="deferred_analytics_collection" value="false" />
    <string name="default_event_parameters">[{&quot;n&quot;:&quot;sc_session_id&quot;,&quot;v&quot;:&quot;2991327970_6b231da1-307e-425b-abe5-d4afc21a452e&quot;,&quot;t&quot;:&quot;s&quot;}]</string>
    <string name="previous_os_version">15</string>
    <boolean name="has_been_opened" value="true" />
    <boolean name="allow_remote_dynamite" value="true" />
    <long name="last_pause_time" value="1758163156149" />
    <boolean name="start_new_session" value="false" />
</map>
