<?xml version='1.0' encoding='utf-8' standalone='yes' ?>
<map>
    <string name="last-used-date">2025-12-12</string>
    <long name="fire-count" value="1" />
    <long name="fire-global" value="1765567620791" />
    <set name="fire-cls/18.6.0 fire-fcm/23.3.1 kotlin/2.0.0 fire-core-ktx/20.4.2 fire-analytics/21.5.0 fire-sessions/1.2.0 fire-abt/21.1.1 fire-cls-ndk/18.6.0 fire-core/20.4.2 android-platform/ android-min-sdk/21 fire-transport/18.1.8 android-target-sdk/35 device-model/sweetin device-brand/Xiaomi android-installer/com.android.packageinstaller fire-android/35 fire-perf/20.5.1 device-name/lineage_sweet fire-perf-ktx/20.5.1 fire-installations/17.2.0 fire-fst/24.9.1 fire-rc/21.6.0 fire-rtdb/20.3.0">
        <string>2025-12-12</string>
    </set>
</map>
