<?xml version='1.0' encoding='utf-8' standalone='yes' ?>
<map>
    <long name="fire-count" value="1" />
    <string name="last-used-date">2025-10-03</string>
    <set name="fire-cls/18.4.1 fire-analytics/21.3.0 android-installer/ fire-fcm/23.2.1 fire-analytics-ktx/21.3.0 kotlin/2.0.0 fire-abt/21.1.1 fire-sessions/1.0.2 fire-cls-ndk/18.4.1 fire-core/20.3.3 fire-perf-ktx/unspecified android-min-sdk/21 fire-fst-ktx/unspecified android-platform/ fire-transport/18.1.8 android-target-sdk/35 device-brand/Xiaomi device-model/sweetin fire-perf/20.4.1 fire-core-ktx/unspecified fire-fst/24.7.1 fire-db-ktx/unspecified fire-fcm-ktx/unspecified fire-android/35 device-name/lineage_sweet fire-installations/17.1.4 fire-rc/21.4.1 fire-rtdb/20.2.2">
        <string>2025-10-03</string>
    </set>
    <long name="fire-global" value="1759478376227" />
</map>
