<?xml version='1.0' encoding='utf-8' standalone='yes' ?>
<map>
    <string name="last-used-date">2025-08-21</string>
    <long name="fire-count" value="2" />
    <long name="fire-global" value="1755775998215" />
    <set name="fire-cls/18.4.1 fire-analytics/21.3.0 fire-fcm/23.2.1 fire-analytics-ktx/21.3.0 kotlin/2.0.0 fire-sessions/1.0.2 fire-abt/21.1.1 fire-cls-ndk/18.4.1 fire-core/20.3.3 fire-perf-ktx/unspecified fire-fst-ktx/unspecified android-platform/ android-min-sdk/21 fire-transport/18.1.8 fire-perf/20.4.1 device-model/TECNO-KI7 fire-core-ktx/unspecified fire-fst/24.7.1 device-brand/TECNO fire-android/33 fire-db-ktx/unspecified fire-fcm-ktx/unspecified android-installer/com.android.vending device-name/KI7-GL fire-installations/17.1.4 fire-rc/21.4.1 fire-rtdb/20.2.2 android-target-sdk/27">
        <string>2025-08-20</string>
    </set>
</map>
