<?xml version='1.0' encoding='utf-8' standalone='yes' ?>
<map>
    <set name="fire-cls/18.6.0 device-name/CPH2219 fire-fcm/23.3.1 kotlin/2.0.0 fire-core-ktx/20.4.2 fire-analytics/21.5.0 fire-abt/21.1.1 fire-sessions/1.2.0 fire-cls-ndk/18.6.0 fire-core/20.4.2 android-platform/ android-min-sdk/21 fire-transport/18.1.8 android-target-sdk/35 device-model/F19ProPlus fire-android/35 fire-perf/20.5.1 android-installer/com.android.vending fire-perf-ktx/20.5.1 fire-installations/17.2.0 fire-fst/24.9.1 fire-rc/21.6.0 fire-rtdb/20.3.0 device-brand/Oppo">
        <string>2026-01-07</string>
    </set>
    <string name="last-used-date">2026-01-07</string>
    <long name="fire-count" value="1" />
    <long name="fire-global" value="1767767993879" />
</map>
