<?xml version='1.0' encoding='utf-8' standalone='yes' ?>
<map>
    <long name="fire-count" value="1" />
    <string name="last-used-date">2026-01-31</string>
    <long name="fire-global" value="1769838830375" />
    <set name="device-name/X686 device-model/X686 fire-cls/18.6.0 fire-fcm/23.3.1 kotlin/2.0.0 fire-core-ktx/20.4.2 fire-analytics/21.5.0 fire-sessions/1.2.0 fire-abt/21.1.1 fire-cls-ndk/18.6.0 fire-core/20.4.2 android-min-sdk/21 android-platform/ fire-transport/18.1.8 android-target-sdk/35 device-brand/Infinix fire-android/35 fire-perf/20.5.1 android-installer/com.android.vending fire-perf-ktx/20.5.1 fire-installations/17.2.0 fire-fst/24.9.1 fire-rc/21.6.0 fire-rtdb/20.3.0">
        <string>2026-01-31</string>
    </set>
</map>
