<?xml version='1.0' encoding='utf-8' standalone='yes' ?>
<map>
    <long name="fire-global" value="1756106689782" />
    <string name="last-used-date">2025-08-25</string>
    <set name="fire-cls/18.4.1 fire-analytics/21.3.0 fire-analytics-ktx/21.3.0 fire-fcm/23.2.1 kotlin/2.0.0 fire-abt/21.1.1 fire-sessions/1.0.2 device-brand/samsung fire-core/20.3.3 fire-cls-ndk/18.4.1 fire-android/25 fire-perf-ktx/unspecified android-min-sdk/21 fire-fst-ktx/unspecified android-platform/ fire-transport/18.1.8 android-target-sdk/35 device-name/cancro fire-perf/20.4.1 fire-core-ktx/unspecified fire-fst/24.7.1 fire-db-ktx/unspecified fire-fcm-ktx/unspecified android-installer/com.android.vending device-model/android fire-installations/17.1.4 fire-rtdb/20.2.2 fire-rc/21.4.1">
        <string>2025-08-25</string>
    </set>
    <long name="fire-count" value="1" />
</map>
