<?xml version='1.0' encoding='utf-8' standalone='yes' ?>
<map>
    <boolean name="app_intercom_link" value="false" />
    <string name="app_launcher_logo_url"></string>
    <string name="app_team_intro"></string>
    <string name="ApiKey">android_sdk-05645d98f8bc9299adea704f295e787fe6810657</string>
    <long name="app_soft_reset_timeout_ms" value="1000" />
    <boolean name="app_primary_color_render_dark_text" value="false" />
    <int name="app_help_center_primary_color" value="-15758352" />
    <string name="help_center_url">https://intercom.help/sharechat-support</string>
    <boolean name="app_user_conversation_attachments_enabled" value="true" />
    <int name="app_primary_color" value="-16748110" />
    <set name="features" />
    <boolean name="prevent_multiple_inbound_conversations_enabled" value="true" />
    <int name="app_rate_limit_count" value="100" />
    <boolean name="app_received_from_server" value="true" />
    <long name="app_rate_limit_period_ms" value="60000" />
    <boolean name="app_background_requests_enabled" value="true" />
    <set name="help_center_urls">
        <string>https://intercom.help/sharechat-support</string>
    </set>
    <long name="new_session_threshold_ms" value="20000" />
    <boolean name="help_center_require_search" value="false" />
    <string name="app_temporary_expectations_message">Do not disclose your OTP to anyone, as this could result in unauthorised use of your account</string>
    <boolean name="app_audio_enabled" value="true" />
    <boolean name="app_metrics_enabled" value="true" />
    <int name="app_secondary_color" value="-16748110" />
    <boolean name="app_user_conversation_gifs_enabled" value="true" />
    <long name="app_user_update_cache_max_age_ms" value="600000" />
    <string name="app_name">Support</string>
    <string name="app_team_bio"></string>
    <long name="upload_size_limit" value="104857600" />
    <boolean name="app_secondary_color_render_dark_text" value="false" />
    <string name="AppId">psotp3c2</string>
    <string name="app_locale">en</string>
    <string name="app_wallpaper">https://static.intercomassets.com/assets/messenger/messenger4-backgrounds/background-1-954fb17753a9b7daa5e9f3c0798e231e8e7c538a8a2374540a20f2cda2032373.png</string>
    <string name="app_messenger_logo_url"></string>
    <boolean name="app_inbound_messages" value="true" />
    <boolean name="access_to_teammate_enabled" value="true" />
    <string name="app_team_greeting">Hello QuickTvUser ,</string>
    <string name="help_center_locale">en</string>
    <boolean name="app_help_center_color_render_dark_text" value="false" />
</map>
