<?xml version='1.0' encoding='utf-8' standalone='yes' ?>
<map>
    <string name="auid">f22ad246-5092-40c1-ad38-bdd57e96bfd4</string>
    <string name="ControllerABGroup">1648.3</string>
    <string name="search_keys">{&quot;success&quot;:&quot;&quot;,&quot;fail&quot;:&quot;&quot;,&quot;searchKeys&quot;:[&quot;market://&quot;,&quot;play.google.com&quot;],&quot;acknowledgeWith&quot;:&quot;acknowledgeMessage&quot;,&quot;declineWith&quot;:&quot;errorTest&quot;}</string>
    <string name="ssaGlobalAppData">{&quot;controllerVersion&quot;:&quot;2959&quot;,&quot;adPlayerVersion&quot;:&quot;0.1.6814&quot;}</string>
    <string name="version">8.3.0</string>
</map>
