{"Fid":"cOqtmHH9SOyKJV_-b_DG7o","Status":3,"AuthToken":"eyJhbGciOiJFUzI1NiIsInR5cCI6IkpXVCJ9.eyJhcHBJZCI6IjE6NDEyODI2MTM4NzM1OmFuZHJvaWQ6OGEzMmY3OTFlNDE1NjM0ZjJmZjU5YSIsImV4cCI6MTc2MTg4MjI2MiwiZmlkIjoiY09xdG1ISDlTT3lLSlZfLWJfREc3byIsInByb2plY3ROdW1iZXIiOjQxMjgyNjEzODczNX0.AB2LPV8wRgIhAJw4bP7zCRYDxaBlySdDSB9Cw8OiZfjMBQSJ7yEVjZY1AiEAjZOXEGBAtzkNOY4nsXhNEEj8-UZhm9q03f7L1uMlkgk","RefreshToken":"3_AS3qfwI6bguSnqPInuiT0jAHAp5LlwCdWswUV3jf4Pv7nQCELRoz8N07ivHPxyPZrI4Vk06lJr-pRIIu7qIzDLUiixNbZ3dQHQ_FCjuIFhtAUgQ","TokenCreationEpochInSecs":1761277462,"ExpiresInSecs":604800}