{"Fid":"caZnLHDhTCe50vmXueakAv","Status":3,"AuthToken":"eyJhbGciOiJFUzI1NiIsInR5cCI6IkpXVCJ9.eyJhcHBJZCI6IjE6NDEyODI2MTM4NzM1OmFuZHJvaWQ6OGEzMmY3OTFlNDE1NjM0ZjJmZjU5YSIsImV4cCI6MTc3MTY4NTM4MCwiZmlkIjoiY2FabkxIRGhUQ2U1MHZtWHVlYWtBdiIsInByb2plY3ROdW1iZXIiOjQxMjgyNjEzODczNX0.AB2LPV8wRQIgDO8ja0D30QxFByUVuPf75NIXqTzb2zWh4y7q2PtfMKACIQCpqJxM4XnOhTOAzRS4F4itlIsAxmlf9nu2GteVT8sYzQ","RefreshToken":"3_AS3qfwK89uNL1iARhZmcPTahp6f00Hb3ck-j1GDY5p7mezGPKUUfvTFYOQeHNxhrDYe2lIFBuZ4GgCG9OMQt1WL4UD3xDGi1nRF_1OlWojnzqDQ","TokenCreationEpochInSecs":1771080580,"ExpiresInSecs":604800}