{"Fid":"eq8JF_YSR9-92cH-1lpXZN","Status":3,"AuthToken":"eyJhbGciOiJFUzI1NiIsInR5cCI6IkpXVCJ9.eyJhcHBJZCI6IjE6NDEyODI2MTM4NzM1OmFuZHJvaWQ6OGEzMmY3OTFlNDE1NjM0ZjJmZjU5YSIsImV4cCI6MTc1NzE1MDM4MSwiZmlkIjoiZXE4SkZfWVNSOS05MmNILTFscFhaTiIsInByb2plY3ROdW1iZXIiOjQxMjgyNjEzODczNX0.AB2LPV8wRQIgEl_eVB7-gF8_t7mhz7dcAHYr2vVfN0qULFdSD9YT1WgCIQDjybWiGn3Wk0i98ZSSaqV08uJ4brVSGGUvcoK2--v6RQ","RefreshToken":"3_AS3qfwLvWm62FXVRVykexEK90vi_SX7rYmczuQDVJivnQkAVIBcTQXuDHcqdaBFaNPRd9fmT6jc97kXG6hctgF3OeS2RM4GVubRN4XOWk9dVe8k","TokenCreationEpochInSecs":1756545581,"ExpiresInSecs":604800}