{"Fid":"cAttlQndTfWDz9Q6NGxS48","Status":3,"AuthToken":"eyJhbGciOiJFUzI1NiIsInR5cCI6IkpXVCJ9.eyJhcHBJZCI6IjE6NDEyODI2MTM4NzM1OmFuZHJvaWQ6OGEzMmY3OTFlNDE1NjM0ZjJmZjU5YSIsImV4cCI6MTc2ODEwNjg0NywiZmlkIjoiY0F0dGxRbmRUZldEejlRNk5HeFM0OCIsInByb2plY3ROdW1iZXIiOjQxMjgyNjEzODczNX0.AB2LPV8wRAIgSW9vZO57UFs212jauhuwDjNOEBZ4m4k8cfiZJphsXfUCID9SUmyJPec_w4ODqA41qlwv6wZ8LReZB1FQQXXdl_o4","RefreshToken":"3_AS3qfwL0iXZkRJ9tqwxSOEQiOliSUL5qdANIhLWUe7-r1kSwRCp5_CJ5fUovRVsUTpiE_eKOyzodyTE6qugL3s-vJLJxfypHZclkk3xZQAHnDvs","TokenCreationEpochInSecs":1767502047,"ExpiresInSecs":604800}