{"Fid":"cmsklil6RDKBQRuVFVQOZ1","Status":3,"AuthToken":"eyJhbGciOiJFUzI1NiIsInR5cCI6IkpXVCJ9.eyJhcHBJZCI6IjE6NDEyODI2MTM4NzM1OmFuZHJvaWQ6OGEzMmY3OTFlNDE1NjM0ZjJmZjU5YSIsImV4cCI6MTc1NjMxOTk1MywiZmlkIjoiY21za2xpbDZSREtCUVJ1VkZWUU9aMSIsInByb2plY3ROdW1iZXIiOjQxMjgyNjEzODczNX0.AB2LPV8wRAIgfyfzWbKgVOfXg0H7TiUhBmwgMC8d4emivZrx0boxwvQCIAClM4LQA8j2oUXa9fv6HMxGE2o1-ZwaEtMkEj_dQ0fD","RefreshToken":"3_AS3qfwKr2oONwD4aUNbmrnY_smuXF3mC6tjgUgZ4IOmBL5bbipjx4xpu3ZT8KKPSmsttzJy21w1uJhRPZUaxDz_fHtfjYcx95ckMNfKvDHFEXGs","TokenCreationEpochInSecs":1755715152,"ExpiresInSecs":604800}