{"Fid":"ekfvpvKKTKGaO4tdPRdb79","Status":3,"AuthToken":"eyJhbGciOiJFUzI1NiIsInR5cCI6IkpXVCJ9.eyJhcHBJZCI6IjE6NDEyODI2MTM4NzM1OmFuZHJvaWQ6OGEzMmY3OTFlNDE1NjM0ZjJmZjU5YSIsImV4cCI6MTc2OTE3MzQwOSwiZmlkIjoiZWtmdnB2S0tUS0dhTzR0ZFBSZGI3OSIsInByb2plY3ROdW1iZXIiOjQxMjgyNjEzODczNX0.AB2LPV8wRAIgIkvjnhrJIIMMDxA1g68Dp9o3uVL4ZvrpnZSKsqESiF0CIFjsws-upzWSkiQxtRjABovnJv6Z2p5M38KtqjswojIT","RefreshToken":"3_AS3qfwIC0ciHgn-NftHbkKBnkg5jHckNhcQREm4Exi9pGea398ESOEdBG-vv2CXk2ou4HecRJqb1I2WnUjZNNuk13_whaKymWbWGBIyOHHQw0SU","TokenCreationEpochInSecs":1768568608,"ExpiresInSecs":604800}