{"Fid":"fiwVS5q2T86fi9INg4KWr1","Status":3,"AuthToken":"eyJhbGciOiJFUzI1NiIsInR5cCI6IkpXVCJ9.eyJhcHBJZCI6IjE6NDEyODI2MTM4NzM1OmFuZHJvaWQ6OGEzMmY3OTFlNDE1NjM0ZjJmZjU5YSIsImV4cCI6MTc3MTY4Mzg3OCwiZmlkIjoiZml3VlM1cTJUODZmaTlJTmc0S1dyMSIsInByb2plY3ROdW1iZXIiOjQxMjgyNjEzODczNX0.AB2LPV8wRgIhAPBrJqMi1a-WlqfRQ91BK5NjQ4m29-5rDhDEYvmd8NH_AiEA6kdtXX1WCsLIQCOKai5OhCfjUaZi6etqYGpPEyaSNZs","RefreshToken":"3_AS3qfwIBVvedm9wQeFOPbxGx5UC5WlHoFg_to7cAllubwnirZ6ewQ23G2rZCXNYdqRl4kGhyJ2WoQr4hlZEHHQfPCC6ts2komabqS9zNiHJ3mK0","TokenCreationEpochInSecs":1771079078,"ExpiresInSecs":604800}