{"Fid":"d99XlKahS-KhLhavudmE1B","Status":3,"AuthToken":"eyJhbGciOiJFUzI1NiIsInR5cCI6IkpXVCJ9.eyJhcHBJZCI6IjE6NDEyODI2MTM4NzM1OmFuZHJvaWQ6OGEzMmY3OTFlNDE1NjM0ZjJmZjU5YSIsImV4cCI6MTc2MDY2ODYyMiwiZmlkIjoiZDk5WGxLYWhTLUtoTGhhdnVkbUUxQiIsInByb2plY3ROdW1iZXIiOjQxMjgyNjEzODczNX0.AB2LPV8wRQIhAKNjBoCurp3BYc8HF2_ls3EijAb7XIrX1D_ZcT38Nt-9AiBQ7rjvkv9xyWUjl6utTwIQdbdjzjieVjFvpfRu2CjvBA","RefreshToken":"3_AS3qfwIHsGR2sjHOtPQih7RMGmXycUNIXoCgSXx0nlwPChHe7OHyHdZYPHvljgffKwAFswKToblgBgAyLlmtDkeXJ4jlm94bPdyeYsid3nCNHFw","TokenCreationEpochInSecs":1760063821,"ExpiresInSecs":604800}