{"Fid":"cAttlQndTfWDz9Q6NGxS48","Status":3,"AuthToken":"eyJhbGciOiJFUzI1NiIsInR5cCI6IkpXVCJ9.eyJhcHBJZCI6IjE6NDEyODI2MTM4NzM1OmFuZHJvaWQ6OGEzMmY3OTFlNDE1NjM0ZjJmZjU5YSIsImV4cCI6MTc2OTkyNTk2MiwiZmlkIjoiY0F0dGxRbmRUZldEejlRNk5HeFM0OCIsInByb2plY3ROdW1iZXIiOjQxMjgyNjEzODczNX0.AB2LPV8wRQIhAK9U7PV21A9P-H7g33aqfg4v7LeAnDGprHMrLL-ogGFGAiBQ2mcInzXmP6PJZugBvapKzdJZSXRoQNW4M742LKEjzw","RefreshToken":"3_AS3qfwL0iXZkRJ9tqwxSOEQiOliSUL5qdANIhLWUe7-r1kSwRCp5_CJ5fUovRVsUTpiE_eKOyzodyTE6qugL3s-vJLJxfypHZclkk3xZQAHnDvs","TokenCreationEpochInSecs":1769321163,"ExpiresInSecs":604800}