{"Fid":"fjimIxWIRGWH6NUE1eZ5Xr","Status":3,"AuthToken":"eyJhbGciOiJFUzI1NiIsInR5cCI6IkpXVCJ9.eyJhcHBJZCI6IjE6NDEyODI2MTM4NzM1OmFuZHJvaWQ6OGEzMmY3OTFlNDE1NjM0ZjJmZjU5YSIsImV4cCI6MTc1Nzc0MTc1OSwiZmlkIjoiZmppbUl4V0lSR1dINk5VRTFlWjVYciIsInByb2plY3ROdW1iZXIiOjQxMjgyNjEzODczNX0.AB2LPV8wRAIgVYTkTlJVHLUI4mIGbnjCGqtTffUZCEhGbhMvPob4RkcCICVim9iVAdMqtAbgpQ_V5TVN6i0OdbHvvU9qcP1Xbgvc","RefreshToken":"3_AS3qfwJLrLz1HkxB-Q2IHkG0PLox6X-4VvVJcdAQMfrku_erehwfslkDQ5ENXAkAWegV7kJm4y8dzeDtVnmP9D84LsJUktua8ZCKEAc9PpQj_A","TokenCreationEpochInSecs":1757136958,"ExpiresInSecs":604800}