{"Fid":"fiwVS5q2T86fi9INg4KWr1","Status":3,"AuthToken":"eyJhbGciOiJFUzI1NiIsInR5cCI6IkpXVCJ9.eyJhcHBJZCI6IjE6NDEyODI2MTM4NzM1OmFuZHJvaWQ6OGEzMmY3OTFlNDE1NjM0ZjJmZjU5YSIsImV4cCI6MTc3Mjk1NzI1OCwiZmlkIjoiZml3VlM1cTJUODZmaTlJTmc0S1dyMSIsInByb2plY3ROdW1iZXIiOjQxMjgyNjEzODczNX0.AB2LPV8wRQIhALHAao9agKUzK-BI6LucSVD0b5MWtUPKIm0Gqb2BHxI4AiA0-QOwHpcV7Oia1XpNfpHHtvR_9BE4fxwAdlKwX2k9DQ","RefreshToken":"3_AS3qfwIBVvedm9wQeFOPbxGx5UC5WlHoFg_to7cAllubwnirZ6ewQ23G2rZCXNYdqRl4kGhyJ2WoQr4hlZEHHQfPCC6ts2komabqS9zNiHJ3mK0","TokenCreationEpochInSecs":1772352457,"ExpiresInSecs":604800}