{"Fid":"cgH72SHRTBy3FjSk6z1um6","Status":3,"AuthToken":"eyJhbGciOiJFUzI1NiIsInR5cCI6IkpXVCJ9.eyJhcHBJZCI6IjE6NDEyODI2MTM4NzM1OmFuZHJvaWQ6OGEzMmY3OTFlNDE1NjM0ZjJmZjU5YSIsImV4cCI6MTc3MjQzNDEyMywiZmlkIjoiY2dINzJTSFJUQnkzRmpTazZ6MXVtNiIsInByb2plY3ROdW1iZXIiOjQxMjgyNjEzODczNX0.AB2LPV8wRgIhAPb_Pr48dwy0VY-EsvdA5QhfkvcoQ8k53pFshVxnORhMAiEA1DAXsN6Kd3RwnvRJ8mhIcarESeyPy_r0vlw9Z2xMsBA","RefreshToken":"3_AS3qfwKXqP_SpUeAwK5uwqtGTuxPPhRqxudNqNSv2Q_eaEK46yQBnreHOLoPu_Su2OCvVBggeyrLsplOsFYfepErLl1mJXCjDm9ujWA85Hw00g","TokenCreationEpochInSecs":1771829322,"ExpiresInSecs":604800}