{"Fid":"cH3YBndPRsq36P2nkFMA7x","Status":3,"AuthToken":"eyJhbGciOiJFUzI1NiIsInR5cCI6IkpXVCJ9.eyJhcHBJZCI6IjE6NDEyODI2MTM4NzM1OmFuZHJvaWQ6OGEzMmY3OTFlNDE1NjM0ZjJmZjU5YSIsImV4cCI6MTc2NDkyMzc2NSwiZmlkIjoiY0gzWUJuZFBSc3EzNlAybmtGTUE3eCIsInByb2plY3ROdW1iZXIiOjQxMjgyNjEzODczNX0.AB2LPV8wRAIgLB4_AWFCVzQWd3L05LHnc5_af8QbxNor0eaj9ICVtN8CIE2OYI8Oa7AB_9EAYA0MuJFUMZJquA05zU0vRY1DGqFV","RefreshToken":"3_AS3qfwJyqn0Sus9YYHFCkMZ3jtuLC8_BQarsqBX4qCMiQIlxUQ0nERLCY7t0sLkJwRZ5slOCYVLHvCQlhpKIc10mMMAweiBnt8O-P0_Psk6AxgQ","TokenCreationEpochInSecs":1764318965,"ExpiresInSecs":604800}