{"Fid":"cOqtmHH9SOyKJV_-b_DG7o","Status":3,"AuthToken":"eyJhbGciOiJFUzI1NiIsInR5cCI6IkpXVCJ9.eyJhcHBJZCI6IjE6NDEyODI2MTM4NzM1OmFuZHJvaWQ6OGEzMmY3OTFlNDE1NjM0ZjJmZjU5YSIsImV4cCI6MTc1ODU2NzI0OSwiZmlkIjoiY09xdG1ISDlTT3lLSlZfLWJfREc3byIsInByb2plY3ROdW1iZXIiOjQxMjgyNjEzODczNX0.AB2LPV8wRQIgD9PkjsAuAHJ83J1eNZrJb4-1vUIrRtPXZI5PPW2AAEACIQDmq6RfPRBqEW28Hvoxu9p6bzQbryhnJ5vSmvoQxwp6Mw","RefreshToken":"3_AS3qfwI6bguSnqPInuiT0jAHAp5LlwCdWswUV3jf4Pv7nQCELRoz8N07ivHPxyPZrI4Vk06lJr-pRIIu7qIzDLUiixNbZ3dQHQ_FCjuIFhtAUgQ","TokenCreationEpochInSecs":1757962448,"ExpiresInSecs":604800}