{"Fid":"fkQJrq0DRPy8E6G2PFuawV","Status":3,"AuthToken":"eyJhbGciOiJFUzI1NiIsInR5cCI6IkpXVCJ9.eyJhcHBJZCI6IjE6NDEyODI2MTM4NzM1OmFuZHJvaWQ6OGEzMmY3OTFlNDE1NjM0ZjJmZjU5YSIsImV4cCI6MTc2ODM3Mjc5MywiZmlkIjoiZmtRSnJxMERSUHk4RTZHMlBGdWF3ViIsInByb2plY3ROdW1iZXIiOjQxMjgyNjEzODczNX0.AB2LPV8wRgIhAL0ejXTyKzJFlp2Sa3_NZsNcUlIoiVdqkWBHW-JlbuygAiEAp5unPt2cEyNPpt3E8RhN_toBTDUnGxn1CSe58OTkpok","RefreshToken":"3_AS3qfwK7w9oM59PTcRP5M3yUnA1jF_F9Vkc54ek_icGsGaaiSN9dDairq9_BriEOOnfYuB_4uf7bSeNP3VMaGcVm1OZ9RbdcGsZVMj-QccEnvuE","TokenCreationEpochInSecs":1767767994,"ExpiresInSecs":604800}