{"Fid":"dtIn_bCWSuKJkFYwilpJGu","Status":3,"AuthToken":"eyJhbGciOiJFUzI1NiIsInR5cCI6IkpXVCJ9.eyJhcHBJZCI6IjE6NDEyODI2MTM4NzM1OmFuZHJvaWQ6OGEzMmY3OTFlNDE1NjM0ZjJmZjU5YSIsImV4cCI6MTc3MDQ0MzYzMSwiZmlkIjoiZHRJbl9iQ1dTdUtKa0ZZd2lscEpHdSIsInByb2plY3ROdW1iZXIiOjQxMjgyNjEzODczNX0.AB2LPV8wRQIgWT6jMeHBvU3m3nkbg8j3oXu1qz4nPgEpRDGSWK1BqegCIQD-TT65hPhVVewgC4FZ4Vviv9GrXSQGM3QFaakUEqrCKg","RefreshToken":"3_AS3qfwIrad9PXYPogGUE5zWsg9-AkrTws8MoIx-i4b3q8nF9K-_iu-V5vWplc3lLkkuQEwTD0goWRZthktvhe1IlWkEiT6X5vztb2mDJpD8jr6I","TokenCreationEpochInSecs":1769838831,"ExpiresInSecs":604800}