{"Fid":"eN9HIOaaRemqLBceFfB3XQ","Status":3,"AuthToken":"eyJhbGciOiJFUzI1NiIsInR5cCI6IkpXVCJ9.eyJhcHBJZCI6IjE6NDEyODI2MTM4NzM1OmFuZHJvaWQ6OGEzMmY3OTFlNDE1NjM0ZjJmZjU5YSIsImV4cCI6MTc3MTc0MDAxMywiZmlkIjoiZU45SElPYWFSZW1xTEJjZUZmQjNYUSIsInByb2plY3ROdW1iZXIiOjQxMjgyNjEzODczNX0.AB2LPV8wRAIgHCi-OHJ3yrkTW7TlhGQEmfoOx3KmP4q396XkzbR_YJwCIEDBcXtXA5DnkT0ehEKz8GK0s6Ae4DdmOGufS19Sus_3","RefreshToken":"3_AS3qfwLFjruBjXcSDOEeHTc4Kx8j1QLTM7EO2z6HWdblehAi7Eo9W6NZcpzTiBzvbEPHC2lYiu1lr57qtfnlX3IZvtByBKkNsOsYcV1SGCRfXBw","TokenCreationEpochInSecs":1771135213,"ExpiresInSecs":604800}