{"Fid":"fWG-NHhuRn-vNxq-ycZ-rI","Status":3,"AuthToken":"eyJhbGciOiJFUzI1NiIsInR5cCI6IkpXVCJ9.eyJhcHBJZCI6IjE6NDEyODI2MTM4NzM1OmFuZHJvaWQ6OGEzMmY3OTFlNDE1NjM0ZjJmZjU5YSIsImV4cCI6MTc1ODc2Nzk1MiwiZmlkIjoiZldHLU5IaHVSbi12TnhxLXljWi1ySSIsInByb2plY3ROdW1iZXIiOjQxMjgyNjEzODczNX0.AB2LPV8wRgIhAOjXArIp0KbMK4VHm_b9xRkNaqtakU4uOj318OwQP2fOAiEA0HsnX8qNItQZN8x1jRE0UDB5lPYF6Uk9mAMFSRFCpDM","RefreshToken":"3_AS3qfwLSsaa2qkqUMVYIhvHH7BlwxtxkhQQYotsRg8LT9RoAPJx1yUpq0Oc9Xh9Kjfm8Ui6gxH9O_y91HyIFEGce-pd6HSZjixB1Om5SdQiGKVY","TokenCreationEpochInSecs":1758163151,"ExpiresInSecs":604800}