{"Fid":"csOmvyCTTHOCciyGfX8_z0","Status":3,"AuthToken":"eyJhbGciOiJFUzI1NiIsInR5cCI6IkpXVCJ9.eyJhcHBJZCI6IjE6NDEyODI2MTM4NzM1OmFuZHJvaWQ6OGEzMmY3OTFlNDE1NjM0ZjJmZjU5YSIsImV4cCI6MTc1NjcxMTQ5MiwiZmlkIjoiY3NPbXZ5Q1RUSE9DY2l5R2ZYOF96MCIsInByb2plY3ROdW1iZXIiOjQxMjgyNjEzODczNX0.AB2LPV8wRQIhAKMdyBUi_BLhGmy2HZAvL8_57HOLLYtGw-AMB0yu0IhwAiBI6OU65AEuP9eOFkyJfqHZDxB-bFXolrEYwiFnO4u4-g","RefreshToken":"3_AS3qfwK5i_6PVdwsVA8iCsEWcJ8MaptzR86KEHRbO6kl3w-jXX_BzjaCxsn-hWmwoFFfd_NPodIJKiu2ArY08dNhApf56sV4RNlUGT8_ax9J-FA","TokenCreationEpochInSecs":1756106690,"ExpiresInSecs":604800}