{"Fid":"eVVlvFwGRDamEzA4a1-Mlr","Status":3,"AuthToken":"eyJhbGciOiJFUzI1NiIsInR5cCI6IkpXVCJ9.eyJhcHBJZCI6IjE6NDEyODI2MTM4NzM1OmFuZHJvaWQ6OGEzMmY3OTFlNDE1NjM0ZjJmZjU5YSIsImV4cCI6MTc3MDI3ODk5NSwiZmlkIjoiZVZWbHZGd0dSRGFtRXpBNGExLU1sciIsInByb2plY3ROdW1iZXIiOjQxMjgyNjEzODczNX0.AB2LPV8wRQIhAMxJz7LYU8T81zekytBXPLtPE0zBzAoTx2aiBRdaQmxsAiBvedM1SD8wC33BNkC9fXtNMKUB8r8rfdMl9Oo_lX4GVw","RefreshToken":"3_AS3qfwIgNZQnnnsjZ7whWb5u6kO2vfgn2kjsezokztxPU3_LiPIFVZTXg2e5OnEZ4VNTih3xPe6egVSSLgQOab_uTNBb9ZdrojmWmeVt321v3xM","TokenCreationEpochInSecs":1769674195,"ExpiresInSecs":604800}