{"Fid":"fWG-NHhuRn-vNxq-ycZ-rI","Status":3,"AuthToken":"eyJhbGciOiJFUzI1NiIsInR5cCI6IkpXVCJ9.eyJhcHBJZCI6IjE6NDEyODI2MTM4NzM1OmFuZHJvaWQ6OGEzMmY3OTFlNDE1NjM0ZjJmZjU5YSIsImV4cCI6MTc2MDUwMDA0NSwiZmlkIjoiZldHLU5IaHVSbi12TnhxLXljWi1ySSIsInByb2plY3ROdW1iZXIiOjQxMjgyNjEzODczNX0.AB2LPV8wRQIhAMWnsFKW8OY-toUIdkZSOaBHakW_22-EceoUxjwF-iy9AiAFAv6mJEb21qXFOVhKmANeEE16LfVBkjdmBAbJtFPWaA","RefreshToken":"3_AS3qfwLSsaa2qkqUMVYIhvHH7BlwxtxkhQQYotsRg8LT9RoAPJx1yUpq0Oc9Xh9Kjfm8Ui6gxH9O_y91HyIFEGce-pd6HSZjixB1Om5SdQiGKVY","TokenCreationEpochInSecs":1759895244,"ExpiresInSecs":604800}