{"Fid":"d99XlKahS-KhLhavudmE1B","Status":3,"AuthToken":"eyJhbGciOiJFUzI1NiIsInR5cCI6IkpXVCJ9.eyJhcHBJZCI6IjE6NDEyODI2MTM4NzM1OmFuZHJvaWQ6OGEzMmY3OTFlNDE1NjM0ZjJmZjU5YSIsImV4cCI6MTc2MTI0ODQ0NSwiZmlkIjoiZDk5WGxLYWhTLUtoTGhhdnVkbUUxQiIsInByb2plY3ROdW1iZXIiOjQxMjgyNjEzODczNX0.AB2LPV8wRQIgLabZ2UYl1RflLYe3PU0GlzeUwnH2HbAkyTwUVm-nt-kCIQDkoetAM1F4lxwNAY4jBn4mRlvwRxKEwHsyocHPz0hnTA","RefreshToken":"3_AS3qfwIHsGR2sjHOtPQih7RMGmXycUNIXoCgSXx0nlwPChHe7OHyHdZYPHvljgffKwAFswKToblgBgAyLlmtDkeXJ4jlm94bPdyeYsid3nCNHFw","TokenCreationEpochInSecs":1760643643,"ExpiresInSecs":604800}