{"Fid":"fQCC6hJ2RHKNQVpMfutY84","Status":3,"AuthToken":"eyJhbGciOiJFUzI1NiIsInR5cCI6IkpXVCJ9.eyJhcHBJZCI6IjE6NDEyODI2MTM4NzM1OmFuZHJvaWQ6OGEzMmY3OTFlNDE1NjM0ZjJmZjU5YSIsImV4cCI6MTc1NzQwOTMwMSwiZmlkIjoiZlFDQzZoSjJSSEtOUVZwTWZ1dFk4NCIsInByb2plY3ROdW1iZXIiOjQxMjgyNjEzODczNX0.AB2LPV8wRQIgbAzIxpA-ZXCk61vRSKyZK2NCDtFHfbR5qBEhiAB93iMCIQCncIwDRsTeJR0rUfhSa-HxNdP1XB_bhTMWT5MpAg6C5A","RefreshToken":"3_AS3qfwLyOBQj9lax-L6ryZ56dAWxIYCzhZUXxYIVKoV7a6QDiQGGEtQ-Gy0RkA2kZ-WWO0sbGvUhHrSd2GaJFC3FT4dgqssEN7uT4CukM2-LQ_s","TokenCreationEpochInSecs":1756804500,"ExpiresInSecs":604800}